tid,sale_date,sale_time,customer_type,gender,product,payment_mode, unit_price ,quantity, cogs , tax5 , total_sales 
8428,05-01-2019,13:08:00,Member,Female,Beauty,Ewallet,74.69,7,522.83,26.14,548.97
3081,08-03-2019,10:29:00,Normal,Female,Electronics,Cash,15.28,5,76.4,3.82,80.22
3108,03-03-2019,13:23:00,Normal,Female,Home,Credit card,46.33,7,324.31,16.22,340.53
1176,27-01-2019,20:33:00,Member,Female,Beauty,Ewallet,58.22,8,465.76,23.29,489.05
7910,08-02-2019,10:37:00,Member,Female,Sports,Ewallet,,,,,
3026,25-03-2019,18:30:00,Member,Male,Electronics,Ewallet,85.39,7,597.73,29.89,627.62
5943,25-02-2019,14:36:00,Member,Female,Electronics,Ewallet,68.84,6,413.04,20.65,
5665,24-02-2019,11:38:00,Member,Female,Home,Ewallet,73.56,10,735.6,36.78,772.38
9167,10-01-2019,17:15:00,Member,Female,Beauty,Credit card,,,,,
5582,20-02-2019,13:27:00,Member,Female,Food,Credit card,54.84,3,164.52,8.23,172.75
822,06-02-2019,18:07:00,Member,Female,Fashion,Ewallet,14.48,4,57.92,2.9,60.82
3974,09-03-2019,17:03:00,Member,Female,Electronics,Cash,25.51,4,102.04,5.1,107.14
515,12-02-2019,10:25:00,Member,Female,Electronics,Ewallet,46.95,5,234.75,11.74,246.49
2699,07-02-2019,16:48:00,Member,Female,Food,Ewallet,43.19,10,431.9,21.6,453.5
3910,29-03-2019,19:21:00,Member,Female,Beauty,Cash,71.38,10,713.8,35.69,749.49
1805,15-01-2019,16:19:00,Member,Female,Sports,Cash,93.72,6,562.32,28.12,590.44
9349,11-03-2019,11:03:00,Member,Female,Beauty,Credit card,68.93,7,482.51,24.13,506.64
6951,01-01-2019,10:39:00,Member,Male,Sports,Credit card,72.61,6,435.66,21.78,457.44
1586,21-01-2019,18:00:00,Member,Male,Food,Credit card,54.67,3,164.01,8.2,172.21
3348,11-03-2019,15:30:00,Member,Male,Home,Ewallet,40.3,2,80.6,4.03,84.63
4605,25-02-2019,11:24:00,Member,Male,Electronics,Ewallet,86.04,5,430.2,21.51,451.71
5789,05-03-2019,10:40:00,Member,Male,Beauty,Ewallet,87.98,3,263.94,13.2,277.14
6619,15-03-2019,12:20:00,Member,Male,Home,Credit card,,,,,
8204,17-02-2019,11:15:00,Member,Male,Electronics,Ewallet,34.56,5,172.8,8.64,181.44
1358,02-03-2019,17:36:00,Member,Male,Sports,Ewallet,88.63,3,265.89,13.29,279.18
5010,22-03-2019,19:20:00,Member,Female,Home,Credit card,52.59,8,420.72,21.04,441.76
6775,08-02-2019,15:31:00,Member,Female,Fashion,Cash,33.52,1,33.52,1.68,35.2
4241,10-03-2019,12:17:00,Member,Female,Fashion,Credit card,87.67,2,175.34,8.77,184.11
9061,25-01-2019,19:48:00,Member,Female,Food,Cash,88.36,5,441.8,22.09,463.89
7243,15-03-2019,15:36:00,Member,Female,Beauty,Cash,24.89,9,224.01,11.2,235.21
8483,25-02-2019,19:39:00,Member,Female,Fashion,Credit card,94.13,5,470.65,23.53,494.18
6266,28-01-2019,12:43:00,Member,Female,Sports,Cash,78.07,9,702.63,35.13,737.76
2076,10-01-2019,14:49:00,Member,Female,Sports,Cash,83.78,8,670.24,33.51,703.75
5460,15-03-2019,10:12:00,Member,Female,Beauty,Credit card,96.58,2,193.16,9.66,202.82
6882,06-02-2019,10:42:00,Member,Female,Food,Ewallet,99.42,4,397.68,19.88,417.56
2483,07-01-2019,12:28:00,Member,Female,Sports,Ewallet,68.12,1,68.12,3.41,71.53
8530,10-03-2019,19:15:00,Member,Female,Sports,Ewallet,62.62,5,313.1,15.66,328.76
1806,15-01-2019,17:17:00,Member,Female,Electronics,Ewallet,60.88,9,547.92,27.4,575.32
7901,23-03-2019,13:24:00,Member,Female,Beauty,Ewallet,54.92,8,439.36,21.97,461.33
7220,03-03-2019,13:01:00,Member,Female,Home,Cash,30.12,8,240.96,12.05,253.01
5823,17-01-2019,18:45:00,Member,Female,Home,Ewallet,86.72,1,86.72,4.34,91.06
8700,02-02-2019,10:11:00,Member,Female,Home,Cash,56.11,2,112.22,5.61,117.83
5821,08-02-2019,13:03:00,Member,Female,Sports,Cash,69.12,6,414.72,20.74,435.46
1411,04-03-2019,20:39:00,Member,Female,Food,Cash,98.7,8,789.6,39.48,829.08
4209,16-03-2019,19:47:00,Member,Female,Beauty,Cash,15.37,2,30.74,1.54,32.28
9879,09-03-2019,18:00:00,Member,Female,Electronics,Cash,93.96,4,375.84,18.79,394.63
7321,27-02-2019,17:24:00,Member,Female,Beauty,Credit card,56.69,9,510.21,25.51,535.72
3608,06-02-2019,15:47:00,Member,Female,Food,Ewallet,20.01,9,180.09,9,189.09
1719,10-02-2019,12:45:00,Member,Female,Electronics,Credit card,18.93,6,113.58,5.68,119.26
5561,19-03-2019,17:08:00,Member,Female,Fashion,Ewallet,82.63,10,826.3,41.32,867.62
5178,03-02-2019,10:19:00,Member,Female,Food,Cash,91.4,7,639.8,31.99,671.79
8011,10-02-2019,15:10:00,Member,Female,Food,Cash,44.59,5,222.95,11.15,234.1
2851,22-03-2019,14:42:00,Member,Female,Fashion,Ewallet,17.87,4,71.48,3.57,75.05
5554,25-01-2019,15:46:00,Member,Female,Fashion,Credit card,15.43,1,15.43,0.77,16.2
6721,07-03-2019,11:49:00,Member,Female,Home,Ewallet,16.16,2,32.32,1.62,33.94
5918,28-02-2019,19:01:00,Member,Female,Electronics,Cash,85.98,8,687.84,34.39,722.23
6779,27-03-2019,11:26:00,Member,Female,Home,Cash,44.34,2,88.68,4.43,93.11
6220,07-02-2019,11:28:00,Member,Female,Beauty,Ewallet,89.6,8,716.8,35.84,752.64
8732,20-01-2019,15:55:00,Member,Female,Home,Cash,72.35,10,723.5,36.18,759.68
4233,12-03-2019,20:36:00,Member,Female,Electronics,Cash,30.61,6,183.66,9.18,192.84
5083,15-02-2019,17:47:00,Member,Female,Sports,Credit card,24.74,3,74.22,3.71,77.93
5989,24-02-2019,10:55:00,Member,Female,Home,Ewallet,55.73,6,334.38,16.72,351.1
2234,03-02-2019,13:40:00,Member,Female,Sports,Ewallet,55.07,9,495.63,24.78,520.41
8169,06-03-2019,12:27:00,Member,Female,Sports,Credit card,15.81,10,158.1,7.91,166.01
2453,14-02-2019,14:35:00,Member,Female,Beauty,Cash,75.74,4,302.96,15.15,318.11
3308,13-03-2019,16:40:00,Member,Female,Beauty,Cash,15.87,10,158.7,7.94,166.64
4295,10-02-2019,15:43:00,Member,Female,Beauty,Ewallet,33.47,2,66.94,3.35,70.29
2512,07-01-2019,15:01:00,Member,Female,Fashion,Ewallet,97.61,6,585.66,29.28,614.94
3025,24-01-2019,10:04:00,Member,Female,Sports,Cash,78.77,10,787.7,39.39,827.09
4532,02-02-2019,18:50:00,Member,Female,Beauty,Cash,18.33,1,18.33,0.92,19.25
2792,06-01-2019,12:46:00,Member,Female,Food,Credit card,89.48,10,894.8,44.74,939.54
2025,11-02-2019,16:19:00,Member,Female,Fashion,Cash,62.12,10,621.2,31.06,652.26
6347,05-03-2019,18:17:00,Member,Female,Food,Ewallet,48.52,3,145.56,7.28,152.84
6630,09-03-2019,18:21:00,Member,Female,Electronics,Cash,75.91,6,455.46,22.77,478.23
9091,22-01-2019,10:55:00,Member,Female,Home,Ewallet,74.67,9,672.03,33.6,705.63
499,13-01-2019,17:04:00,Member,Female,Electronics,Credit card,41.65,10,416.5,20.83,437.33
3913,09-01-2019,14:20:00,Member,Female,Fashion,Credit card,49.04,9,441.36,22.07,463.43
914,12-01-2019,15:48:00,Member,Female,Fashion,Credit card,20.01,9,180.09,9,189.09
1914,05-03-2019,16:24:00,Member,Female,Food,Ewallet,78.31,10,783.1,39.16,822.26
7507,22-01-2019,18:56:00,Member,Female,Beauty,Cash,20.38,5,101.9,5.1,107
4431,21-01-2019,14:42:00,Member,Female,Beauty,Credit card,99.19,6,595.14,29.76,624.9
7188,26-01-2019,19:56:00,Member,Female,Food,Ewallet,96.68,3,290.04,14.5,304.54
2856,23-01-2019,18:37:00,Member,Female,Food,Ewallet,19.25,8,154,7.7,161.7
757,23-02-2019,18:45:00,Member,Male,Food,Credit card,80.36,4,321.44,16.07,337.51
5055,09-03-2019,10:17:00,Member,Male,Sports,Cash,48.91,5,244.55,12.23,256.78
9884,05-03-2019,14:31:00,Member,Male,Sports,Ewallet,83.06,7,581.42,29.07,610.49
8315,25-03-2019,10:23:00,Member,Male,Fashion,Cash,76.52,5,382.6,19.13,401.73
8566,27-03-2019,20:35:00,Member,Female,Food,Credit card,49.38,7,345.66,17.28,362.94
8843,02-01-2019,16:57:00,Member,Female,Sports,Cash,42.47,1,42.47,2.12,44.59
5053,27-02-2019,17:55:00,Member,Female,Beauty,Cash,76.99,6,461.94,23.1,485.04
5980,23-01-2019,10:25:00,Member,Female,Home,Cash,47.38,4,189.52,9.48,199
908,26-01-2019,19:54:00,Member,Female,Sports,Ewallet,44.86,10,448.6,22.43,471.03
671,10-01-2019,16:42:00,Member,Female,Sports,Ewallet,21.98,7,153.86,7.69,161.55
9985,12-03-2019,12:09:00,Member,Female,Beauty,Credit card,64.36,9,579.24,28.96,608.2
811,06-02-2019,20:05:00,Member,Female,Beauty,Credit card,89.75,1,89.75,4.49,94.24
4444,08-03-2019,20:38:00,Member,Female,Electronics,Ewallet,97.16,1,97.16,4.86,102.02
7061,29-03-2019,10:25:00,Member,Female,Beauty,Ewallet,87.87,10,878.7,43.94,922.64
9221,09-02-2019,13:11:00,Member,Female,Electronics,Cash,12.45,6,74.7,3.74,78.44
6136,23-03-2019,10:16:00,Member,Female,Food,Ewallet,52.75,3,158.25,7.91,166.16
9107,05-03-2019,18:14:00,Member,Female,Home,Cash,82.7,6,496.2,24.81,521.01
7055,26-03-2019,19:20:00,Member,Female,Fashion,Cash,48.71,1,48.71,2.44,51.15
2939,01-03-2019,13:22:00,Member,Female,Fashion,Cash,78.55,9,706.95,35.35,742.3
3069,01-02-2019,11:27:00,Member,Female,Electronics,Cash,23.07,9,207.63,10.38,218.01
1842,28-03-2019,16:44:00,Member,Female,Food,Cash,58.26,6,349.56,17.48,367.04
1409,19-03-2019,18:19:00,Member,Female,Beauty,Cash,30.35,7,212.45,10.62,223.07
3927,12-01-2019,14:50:00,Member,Female,Electronics,Ewallet,88.67,10,886.7,44.34,931.04
3388,05-01-2019,20:54:00,Member,Female,Fashion,Credit card,27.38,6,164.28,8.21,172.49
5166,22-03-2019,20:19:00,Member,Female,Sports,Cash,62.13,6,372.78,18.64,391.42
7461,24-03-2019,10:43:00,Member,Female,Food,Cash,33.98,9,305.82,15.29,321.11
145,03-03-2019,14:30:00,Member,Female,Electronics,Cash,81.97,10,819.7,40.99,860.69
8945,05-02-2019,11:32:00,Member,Female,Sports,Ewallet,16.49,2,32.98,1.65,34.63
5886,05-02-2019,10:41:00,Member,Female,Beauty,Credit card,98.21,3,294.63,14.73,309.36
1148,15-02-2019,12:44:00,Member,Male,Fashion,Cash,72.84,7,509.88,25.49,535.37
1170,19-01-2019,20:07:00,Member,Male,Home,Ewallet,58.07,9,522.63,26.13,548.76
6122,01-02-2019,20:31:00,Member,Male,Home,Credit card,80.79,9,727.11,36.36,763.47
1496,02-03-2019,13:01:00,Member,Male,Fashion,Credit card,27.02,3,81.06,4.05,85.11
1427,05-03-2019,12:29:00,Member,Female,Fashion,Ewallet,21.94,5,109.7,5.49,115.19
8956,16-01-2019,15:26:00,Member,Female,Fashion,Ewallet,51.36,1,51.36,2.57,53.93
2990,02-02-2019,20:48:00,Member,Female,Food,Ewallet,10.96,10,109.6,5.48,115.08
2715,20-01-2019,20:38:00,Member,Female,Home,Ewallet,53.44,2,106.88,5.34,112.22
7125,14-02-2019,17:03:00,Member,Female,Electronics,Credit card,99.56,8,796.48,39.82,836.3
1684,12-01-2019,12:02:00,Member,Female,Sports,Credit card,57.12,7,399.84,19.99,419.83
9386,09-03-2019,17:26:00,Member,Female,Sports,Credit card,99.96,9,899.64,44.98,944.62
2147,13-03-2019,19:52:00,Member,Female,Home,Credit card,63.91,8,511.28,25.56,536.84
6179,09-03-2019,14:57:00,Member,Female,Fashion,Ewallet,56.47,8,451.76,22.59,474.35
8900,10-03-2019,18:44:00,Member,Female,Home,Credit card,93.69,7,655.83,32.79,688.62
3162,27-01-2019,13:26:00,Member,Female,Sports,Cash,32.25,5,161.25,8.06,169.31
9157,08-01-2019,16:17:00,Member,Female,Fashion,Credit card,31.73,9,285.57,14.28,299.85
9076,08-01-2019,15:57:00,Member,Female,Food,Ewallet,68.54,8,548.32,27.42,575.74
7482,08-02-2019,11:15:00,Member,Female,Sports,Ewallet,90.28,9,812.52,40.63,853.15
6171,25-01-2019,13:18:00,Normal,Female,Fashion,Cash,39.62,7,277.34,13.87,291.21
5316,06-03-2019,20:34:00,Member,Female,Sports,Cash,92.13,6,552.78,27.64,580.42
18,10-02-2019,18:36:00,Normal,Female,Sports,Cash,34.84,4,139.36,6.97,146.33
4591,17-02-2019,14:40:00,Member,Female,Electronics,Credit card,87.45,6,524.7,26.24,550.94
1164,08-03-2019,16:43:00,Normal,Female,Beauty,Ewallet,81.3,6,487.8,24.39,512.19
7908,18-02-2019,19:39:00,Normal,Female,Fashion,Cash,90.22,3,270.66,13.53,284.19
1757,18-01-2019,20:59:00,Normal,Female,Electronics,Credit card,26.31,5,131.55,6.58,138.13
5160,18-02-2019,15:39:00,Member,Female,Home,Cash,34.42,6,206.52,10.33,216.85
9525,16-02-2019,12:21:00,Normal,Female,Sports,Cash,51.91,10,519.1,25.96,545.06
8091,16-03-2019,19:25:00,Normal,Female,Sports,Ewallet,72.5,8,580,29,609
9469,23-01-2019,13:00:00,Member,Female,Sports,Credit card,89.8,10,898,44.9,942.9
4359,25-01-2019,13:48:00,Member,Male,Beauty,Cash,90.5,10,905,45.25,950.25
2210,05-02-2019,19:57:00,Member,Female,Beauty,Cash,68.6,10,686,34.3,720.3
4221,22-02-2019,10:36:00,Member,Female,Food,Credit card,30.41,1,30.41,1.52,31.93
7476,21-01-2019,16:37:00,Normal,Female,Home,Ewallet,77.95,6,467.7,23.39,491.09
1477,08-03-2019,17:11:00,Normal,Female,Beauty,Credit card,46.26,6,277.56,13.88,291.44
1609,10-02-2019,12:28:00,Member,Female,Fashion,Ewallet,30.14,10,301.4,15.07,316.47
5112,19-03-2019,12:46:00,Normal,Male,Beauty,Credit card,66.14,4,264.56,13.23,277.79
2794,06-03-2019,15:07:00,Member,Male,Home,Credit card,71.86,8,574.88,28.74,603.62
436,27-03-2019,13:48:00,Normal,Male,Beauty,Credit card,32.46,8,259.68,12.98,272.66
3517,23-03-2019,19:20:00,Member,Female,Fashion,Credit card,91.54,4,366.16,18.31,384.47
7256,11-03-2019,16:07:00,Member,Male,Sports,Credit card,34.56,7,241.92,12.1,254.02
204,29-01-2019,11:56:00,Normal,Male,Fashion,Credit card,83.24,9,749.16,37.46,786.62
6927,07-02-2019,18:23:00,Normal,Female,Food,Ewallet,16.48,6,98.88,4.94,103.82
4171,28-01-2019,13:05:00,Normal,Female,Sports,Cash,80.97,8,647.76,32.39,680.15
9291,20-02-2019,15:55:00,Member,Male,Food,Credit card,92.29,5,461.45,23.07,484.52
2924,04-01-2019,19:40:00,Member,Male,Electronics,Cash,72.17,1,72.17,3.61,75.78
2293,07-03-2019,13:58:00,Normal,Male,Home,Ewallet,50.28,5,251.4,12.57,263.97
1105,30-03-2019,14:43:00,Member,Male,Beauty,Ewallet,97.22,9,874.98,43.75,918.73
2993,27-03-2019,19:18:00,Normal,Male,Sports,Ewallet,93.39,6,560.34,28.02,588.36
5205,19-01-2019,19:39:00,Normal,Female,Food,Credit card,43.18,8,345.44,17.27,362.71
149,25-02-2019,16:21:00,Normal,Male,Sports,Cash,63.69,1,63.69,3.18,66.87
6199,13-03-2019,19:44:00,Normal,Male,Food,Credit card,45.79,7,320.53,16.03,336.56
988,30-01-2019,19:42:00,Normal,Male,Sports,Ewallet,76.4,2,152.8,7.64,160.44
9322,20-02-2019,15:24:00,Normal,Male,Food,Credit card,39.9,10,399,19.95,418.95
892,25-02-2019,14:12:00,Member,Male,Beauty,Ewallet,42.57,8,340.56,17.03,357.59
2137,16-01-2019,13:32:00,Normal,Male,Home,Cash,95.58,10,955.8,47.79,"1,003.59"
8271,08-02-2019,16:20:00,Normal,Male,Fashion,Credit card,98.98,10,989.8,49.49,"1,039.29"
9050,19-01-2019,16:31:00,Normal,Male,Food,Cash,51.28,6,307.68,15.38,323.06
1824,01-02-2019,15:10:00,Member,Male,Sports,Credit card,69.52,7,486.64,24.33,510.97
3782,03-01-2019,11:36:00,Normal,Male,Beauty,Ewallet,70.01,5,350.05,17.5,367.55
4634,26-01-2019,12:45:00,Member,Male,Food,Credit card,80.05,5,400.25,20.01,420.26
4967,03-03-2019,19:17:00,Normal,Male,Electronics,Cash,20.85,8,166.8,8.34,175.14
6295,19-01-2019,17:34:00,Member,Male,Electronics,Credit card,52.89,6,317.34,15.87,333.21
7047,18-01-2019,12:04:00,Normal,Male,Food,Ewallet,19.79,8,158.32,7.92,166.24
2100,21-03-2019,16:21:00,Member,Male,Home,Ewallet,33.84,9,304.56,15.23,319.79
2529,03-03-2019,17:01:00,Member,Male,Food,Credit card,22.17,8,177.36,8.87,186.23
2867,13-02-2019,10:50:00,Normal,Female,Fashion,Credit card,22.51,7,157.57,7.88,165.45
8975,23-03-2019,19:16:00,Normal,Male,Food,Ewallet,73.88,6,443.28,22.16,465.44
4817,28-01-2019,16:47:00,Member,Male,Beauty,Ewallet,86.8,3,260.4,13.02,273.42
8941,09-02-2019,10:00:00,Normal,Male,Fashion,Cash,64.26,7,449.82,22.49,472.31
9547,23-01-2019,11:51:00,Member,Male,Food,Cash,38.47,8,307.76,15.39,323.15
6367,23-03-2019,10:55:00,Member,Male,Sports,Ewallet,15.5,10,155,7.75,162.75
3614,25-01-2019,15:00:00,Normal,Male,Beauty,Ewallet,34.31,8,274.48,13.72,288.2
848,04-03-2019,11:19:00,Normal,Female,Sports,Credit card,12.34,7,86.38,4.32,90.7
685,05-03-2019,19:46:00,Member,Male,Food,Ewallet,18.08,3,54.24,2.71,56.95
245,03-03-2019,19:00:00,Member,Female,Home,Ewallet,94.49,8,755.92,37.8,793.72
5373,08-02-2019,10:53:00,Member,Male,Home,Cash,46.47,4,185.88,9.29,195.17
7251,10-02-2019,12:50:00,Normal,Male,Home,Ewallet,74.07,1,74.07,3.7,77.77
1552,28-01-2019,20:50:00,Normal,Female,Home,Credit card,69.81,4,279.24,13.96,293.2
9626,11-02-2019,10:39:00,Normal,Female,Home,Credit card,77.04,3,231.12,11.56,242.68
8131,15-01-2019,13:41:00,Normal,Female,Fashion,Ewallet,73.52,2,147.04,7.35,154.39
6208,16-03-2019,19:08:00,Normal,Female,Food,Cash,87.8,9,790.2,39.51,829.71
2399,26-01-2019,20:23:00,Normal,Male,Home,Ewallet,25.55,4,102.2,5.11,107.31
6050,19-03-2019,11:30:00,Normal,Male,Electronics,Credit card,32.71,5,163.55,8.18,171.73
3144,13-01-2019,19:30:00,Member,Female,Fashion,Cash,74.29,1,74.29,3.71,78
9445,26-03-2019,18:03:00,Member,Male,Beauty,Cash,43.7,2,87.4,4.37,91.77
8149,23-03-2019,10:13:00,Normal,Female,Home,Ewallet,25.29,1,25.29,1.26,26.55
4164,12-03-2019,19:58:00,Normal,Male,Beauty,Credit card,41.5,4,166,8.3,174.3
4919,17-02-2019,19:57:00,Member,Female,Food,Credit card,71.39,5,356.95,17.85,374.8
4905,29-01-2019,10:01:00,Member,Female,Sports,Credit card,19.15,6,114.9,5.75,120.65
513,15-03-2019,11:57:00,Member,Female,Electronics,Cash,57.49,4,229.96,11.5,241.46
2418,14-01-2019,10:02:00,Normal,Male,Electronics,Cash,61.41,7,429.87,21.49,451.36
5808,06-02-2019,14:51:00,Member,Male,Beauty,Ewallet,25.9,10,259,12.95,271.95
4238,15-02-2019,12:42:00,Member,Male,Home,Credit card,17.77,5,88.85,4.44,93.29
1565,03-01-2019,12:02:00,Normal,Female,Beauty,Ewallet,23.03,9,207.27,10.36,217.63
8681,04-01-2019,18:19:00,Member,Female,Electronics,Credit card,66.65,9,599.85,29.99,629.84
5680,18-03-2019,17:38:00,Member,Female,Home,Ewallet,28.53,10,285.3,14.27,299.57
9734,28-03-2019,13:41:00,Normal,Female,Fashion,Ewallet,30.37,3,91.11,4.56,95.67
8206,02-03-2019,19:42:00,Normal,Female,Electronics,Credit card,99.73,9,897.57,44.88,942.45
338,25-01-2019,20:24:00,Normal,Male,Electronics,Ewallet,26.23,9,236.07,11.8,247.87
152,16-01-2019,18:08:00,Normal,Female,Food,Cash,93.26,9,839.34,41.97,881.31
6033,20-03-2019,19:17:00,Normal,Male,Home,Ewallet,92.36,5,461.8,23.09,484.89
1063,04-01-2019,13:24:00,Normal,Male,Sports,Credit card,46.42,3,139.26,6.96,146.22
8335,11-03-2019,15:53:00,Member,Female,Sports,Cash,29.61,7,207.27,10.36,217.63
8934,22-03-2019,15:05:00,Normal,Male,Home,Credit card,18.28,1,18.28,0.91,19.19
5617,24-03-2019,18:27:00,Normal,Female,Sports,Cash,24.77,5,123.85,6.19,130.04
2561,21-02-2019,16:55:00,Member,Female,Electronics,Cash,94.64,3,283.92,14.2,298.12
9315,12-02-2019,12:58:00,Normal,Male,Fashion,Ewallet,94.87,8,758.96,37.95,796.91
1172,10-03-2019,18:59:00,Normal,Female,Food,Credit card,57.34,3,172.02,8.6,180.62
3640,31-01-2019,13:44:00,Normal,Male,Electronics,Ewallet,45.35,6,272.1,13.61,285.71
2051,06-03-2019,13:46:00,Normal,Male,Food,Ewallet,62.08,7,434.56,21.73,456.29
3394,17-02-2019,18:06:00,Normal,Male,Electronics,Cash,11.81,5,59.05,2.95,62
1445,21-02-2019,12:38:00,Member,Female,Fashion,Cash,12.54,1,12.54,0.63,13.17
6612,20-03-2019,15:56:00,Normal,Male,Food,Cash,43.25,2,86.5,4.33,90.83
6593,11-01-2019,14:29:00,Member,Female,Sports,Credit card,87.16,2,174.32,8.72,183.04
5858,26-01-2019,19:14:00,Member,Male,Beauty,Ewallet,69.37,9,624.33,31.22,655.55
1480,31-01-2019,16:24:00,Member,Male,Electronics,Ewallet,37.06,4,148.24,7.41,155.65
5506,26-02-2019,10:52:00,Member,Female,Electronics,Cash,90.7,6,544.2,27.21,571.41
6247,11-03-2019,12:55:00,Normal,Female,Home,Ewallet,63.42,8,507.36,25.37,532.73
5721,26-01-2019,19:28:00,Normal,Female,Fashion,Cash,81.37,2,162.74,8.14,170.88
3100,12-03-2019,13:52:00,Member,Female,Electronics,Credit card,10.59,3,31.77,1.59,33.36
5978,11-02-2019,10:54:00,Normal,Female,Beauty,Cash,84.09,9,756.81,37.84,794.65
5750,21-02-2019,18:31:00,Member,Male,Fashion,Cash,73.82,4,295.28,14.76,310.04
5295,09-03-2019,18:24:00,Member,Male,Beauty,Ewallet,51.94,10,519.4,25.97,545.37
8093,20-01-2019,18:09:00,Normal,Female,Sports,Ewallet,93.14,2,186.28,9.31,195.59
9270,28-01-2019,15:16:00,Normal,Male,Beauty,Credit card,17.41,5,87.05,4.35,91.4
3214,05-03-2019,17:07:00,Member,Female,Fashion,Credit card,44.22,5,221.1,11.06,232.16
3103,02-03-2019,19:26:00,Member,Female,Electronics,Cash,13.22,5,66.1,3.31,69.41
7835,11-01-2019,11:20:00,Normal,Male,Fashion,Ewallet,89.69,1,89.69,4.48,94.17
4336,11-01-2019,16:49:00,Normal,Male,Food,Credit card,24.94,9,224.46,11.22,235.68
5016,11-03-2019,12:01:00,Normal,Male,Beauty,Credit card,59.77,2,119.54,5.98,125.52
4741,28-02-2019,18:37:00,Member,Male,Fashion,Credit card,93.2,2,186.4,9.32,195.72
1179,05-01-2019,11:25:00,Member,Male,Home,Cash,62.65,4,250.6,12.53,263.13
8238,02-02-2019,18:42:00,Normal,Male,Home,Credit card,93.87,8,750.96,37.55,788.51
9855,01-01-2019,14:47:00,Member,Male,Home,Cash,47.59,8,380.72,19.04,399.76
7563,09-02-2019,19:43:00,Member,Female,Electronics,Cash,81.4,3,244.2,12.21,256.41
6476,23-01-2019,14:04:00,Member,Male,Fashion,Ewallet,17.94,5,89.7,4.49,94.19
1548,07-01-2019,16:11:00,Member,Male,Electronics,Credit card,77.72,4,310.88,15.54,326.42
7708,14-01-2019,19:06:00,Normal,Male,Food,Credit card,73.06,7,511.42,25.57,536.99
542,02-02-2019,15:34:00,Member,Male,Food,Ewallet,46.55,9,418.95,20.95,439.9
5456,17-03-2019,19:06:00,Member,Male,Fashion,Credit card,35.19,10,351.9,17.6,369.5
4236,02-03-2019,19:44:00,Normal,Female,Sports,Credit card,14.39,2,28.78,1.44,30.22
2984,16-03-2019,11:22:00,Normal,Male,Home,Cash,23.75,4,95,4.75,99.75
6354,06-01-2019,11:23:00,Member,Male,Home,Cash,58.9,8,471.2,23.56,494.76
7033,29-01-2019,14:12:00,Member,Male,Fashion,Cash,32.62,4,130.48,6.52,
948,31-01-2019,10:46:00,Member,Male,Electronics,Credit card,66.35,1,66.35,3.32,
9681,05-02-2019,10:16:00,Member,Male,Home,Ewallet,25.91,6,155.46,7.77,
1484,13-02-2019,12:38:00,Member,Male,Electronics,Ewallet,32.25,4,129,6.45,
4661,07-02-2019,13:05:00,Member,Male,Electronics,Credit card,65.94,4,263.76,13.19,276.95
9669,19-03-2019,13:25:00,Normal,Female,Electronics,Ewallet,75.06,9,675.54,33.78,709.32
3596,07-03-2019,14:53:00,Normal,Female,Fashion,Ewallet,16.45,4,65.8,3.29,69.09
5130,13-03-2019,19:22:00,Member,Female,Fashion,Cash,38.3,4,153.2,7.66,160.86
7839,09-02-2019,11:00:00,Member,Female,Sports,Cash,22.24,10,222.4,11.12,233.52
7179,26-02-2019,19:24:00,Normal,Male,Sports,Ewallet,54.45,1,54.45,2.72,57.17
6086,12-03-2019,12:43:00,Member,Female,Sports,Credit card,98.4,7,688.8,34.44,723.24
703,14-03-2019,17:22:00,Normal,Male,Home,Credit card,35.47,4,141.88,7.09,148.97
759,08-01-2019,20:55:00,Member,Female,Food,Cash,74.6,10,746,37.3,783.3
6085,05-01-2019,16:05:00,Member,Male,Home,Credit card,70.74,4,282.96,14.15,297.11
2199,04-01-2019,13:34:00,Member,Female,Home,Ewallet,35.54,10,355.4,17.77,373.17
1637,06-03-2019,18:13:00,Normal,Female,Sports,Ewallet,67.43,5,337.15,16.86,354.01
1097,03-01-2019,19:17:00,Member,Female,Beauty,Cash,21.12,2,42.24,2.11,44.35
1082,07-01-2019,11:44:00,Member,Female,Home,Credit card,21.54,9,193.86,9.69,203.55
1052,27-01-2019,15:51:00,Normal,Female,Home,Cash,12.03,2,24.06,1.2,25.26
6490,26-02-2019,16:52:00,Normal,Female,Beauty,Ewallet,99.71,6,598.26,29.91,628.17
5475,07-01-2019,20:52:00,Normal,Male,Fashion,Cash,47.97,7,335.79,16.79,352.58
8552,07-01-2019,17:36:00,Member,Female,Home,Cash,21.82,10,218.2,10.91,229.11
3573,02-02-2019,13:23:00,Normal,Female,Fashion,Ewallet,95.42,4,381.68,19.08,400.76
426,20-03-2019,16:28:00,Member,Male,Fashion,Cash,70.99,10,709.9,35.5,745.4
5674,20-03-2019,19:57:00,Member,Male,Sports,Credit card,44.02,10,440.2,22.01,462.21
6195,15-02-2019,17:01:00,Normal,Female,Home,Credit card,69.96,8,559.68,27.98,587.66
215,06-03-2019,13:29:00,Normal,Male,Home,Credit card,37,1,37,1.85,38.85
1201,06-01-2019,11:09:00,Normal,Female,Sports,Cash,15.34,1,15.34,0.77,16.11
55,04-03-2019,15:02:00,Member,Male,Beauty,Ewallet,99.83,6,598.98,29.95,628.93
3836,12-03-2019,14:21:00,Member,Female,Beauty,Cash,47.67,4,190.68,9.53,200.21
1961,20-02-2019,18:01:00,Normal,Male,Beauty,Cash,66.68,5,333.4,16.67,350.07
4461,24-03-2019,14:49:00,Member,Male,Home,Cash,74.86,1,74.86,3.74,78.6
3580,31-01-2019,12:02:00,Normal,Female,Sports,Cash,23.75,9,213.75,10.69,224.44
9594,25-01-2019,13:30:00,Normal,Female,Food,Credit card,48.51,7,339.57,16.98,356.55
3493,03-02-2019,14:38:00,Member,Female,Home,Cash,94.88,7,664.16,33.21,697.37
155,24-01-2019,17:37:00,Member,Male,Electronics,Credit card,40.3,10,403,20.15,423.15
4082,14-03-2019,17:20:00,Normal,Male,Electronics,Ewallet,27.85,7,194.95,9.75,204.7
7759,18-02-2019,20:29:00,Member,Female,Electronics,Cash,62.48,1,62.48,3.12,65.6
6352,21-01-2019,10:00:00,Member,Female,Food,Cash,36.36,2,72.72,3.64,76.36
5943,13-03-2019,11:46:00,Normal,Male,Beauty,Ewallet,18.11,10,181.1,9.06,190.16
490,03-03-2019,13:42:00,Member,Female,Electronics,Cash,51.92,5,259.6,12.98,272.58
6477,29-03-2019,14:44:00,Normal,Male,Electronics,Cash,28.84,4,115.36,5.77,121.13
5987,10-01-2019,14:16:00,Member,Male,Home,Ewallet,78.38,6,470.28,23.51,493.79
9164,25-01-2019,15:54:00,Member,Male,Home,Cash,60.01,4,240.04,12,252.04
12,19-01-2019,10:21:00,Member,Female,Home,Cash,88.61,1,88.61,4.43,93.04
6729,02-01-2019,18:09:00,Normal,Male,Fashion,Credit card,99.82,2,199.64,9.98,209.62
3877,12-03-2019,16:46:00,Member,Male,Beauty,Credit card,39.01,1,39.01,1.95,40.96
4124,25-02-2019,15:31:00,Normal,Male,Food,Cash,48.61,1,48.61,2.43,51.04
7422,18-03-2019,17:15:00,Normal,Female,Electronics,Credit card,51.19,4,204.76,10.24,215
2219,23-02-2019,12:29:00,Normal,Female,Electronics,Cash,14.96,8,119.68,5.98,125.66
180,26-03-2019,20:14:00,Member,Male,Electronics,Ewallet,72.2,7,505.4,25.27,530.67
5402,30-03-2019,13:22:00,Normal,Female,Sports,Cash,40.23,7,281.61,14.08,295.69
8013,17-02-2019,17:09:00,Member,Female,Home,Cash,88.79,8,710.32,35.52,745.84
1403,21-03-2019,10:40:00,Member,Female,Electronics,Ewallet,26.48,3,79.44,3.97,83.41
2560,05-03-2019,17:43:00,Normal,Female,Fashion,Cash,81.91,2,163.82,8.19,172.01
7201,31-01-2019,14:04:00,Member,Male,Sports,Cash,79.93,6,479.58,23.98,503.56
6432,05-02-2019,19:05:00,Member,Male,Fashion,Ewallet,69.33,2,138.66,6.93,145.59
1733,01-02-2019,10:08:00,Member,Female,Food,Credit card,14.23,5,71.15,3.56,74.71
4619,07-03-2019,13:12:00,Member,Female,Beauty,Cash,15.55,9,139.95,7,146.95
4446,10-02-2019,20:51:00,Member,Female,Electronics,Cash,78.13,10,781.3,39.07,820.37
3675,14-02-2019,17:29:00,Member,Male,Food,Cash,99.37,2,198.74,9.94,208.68
5800,09-02-2019,10:25:00,Member,Female,Food,Cash,21.08,3,63.24,3.16,66.4
961,10-01-2019,11:34:00,Member,Male,Electronics,Cash,74.79,5,373.95,18.7,392.65
4138,11-03-2019,18:58:00,Member,Female,Beauty,Credit card,29.67,7,207.69,10.38,218.07
1757,18-02-2019,16:28:00,Member,Male,Beauty,Ewallet,44.07,4,176.28,8.81,185.09
3678,26-02-2019,20:26:00,Normal,Female,Food,Cash,22.93,9,206.37,10.32,216.69
1945,18-01-2019,15:08:00,Normal,Female,Beauty,Cash,39.42,1,39.42,1.97,41.39
8041,15-02-2019,18:03:00,Normal,Male,Beauty,Ewallet,15.26,6,91.56,4.58,96.14
7120,08-03-2019,13:21:00,Normal,Female,Fashion,Cash,61.77,5,308.85,15.44,324.29
5508,17-01-2019,12:48:00,Normal,Male,Home,Credit card,21.52,6,129.12,6.46,135.58
879,12-03-2019,19:53:00,Normal,Male,Sports,Ewallet,97.74,4,390.96,19.55,410.51
1168,09-03-2019,19:09:00,Member,Male,Food,Cash,99.78,5,498.9,24.95,523.85
3868,12-03-2019,16:30:00,Member,Male,Food,Cash,94.26,4,377.04,18.85,395.89
8757,25-01-2019,10:11:00,Member,Male,Beauty,Credit card,51.13,4,204.52,10.23,214.75
321,25-03-2019,13:07:00,Member,Male,Electronics,Cash,36.36,4,145.44,7.27,152.71
1752,07-02-2019,18:48:00,Normal,Male,Home,Cash,22.02,9,198.18,9.91,208.09
8956,17-02-2019,17:27:00,Normal,Male,Food,Credit card,32.9,3,98.7,4.94,103.64
1091,03-02-2019,15:59:00,Normal,Male,Fashion,Cash,77.02,5,385.1,19.26,404.36
3607,14-03-2019,11:21:00,Member,Male,Food,Credit card,23.48,2,46.96,2.35,49.31
96,24-03-2019,13:48:00,Member,Male,Sports,Ewallet,14.7,5,73.5,3.68,77.18
6272,21-03-2019,10:17:00,Member,Female,Electronics,Credit card,28.45,5,142.25,7.11,149.36
2717,19-03-2019,15:49:00,Normal,Male,Fashion,Ewallet,76.4,9,687.6,34.38,721.98
8933,24-02-2019,13:02:00,Normal,Female,Sports,Cash,57.95,6,347.7,17.39,365.09
3463,28-03-2019,12:58:00,Normal,Female,Electronics,Credit card,47.65,3,142.95,7.15,150.1
3652,05-02-2019,15:26:00,Member,Female,Food,Credit card,42.82,9,385.38,19.27,404.65
7001,10-02-2019,18:23:00,Member,Male,Electronics,Credit card,48.09,3,144.27,7.21,151.48
6987,05-03-2019,19:06:00,Member,Female,Beauty,Ewallet,55.97,7,391.79,19.59,411.38
4984,15-02-2019,20:21:00,Member,Female,Beauty,Cash,76.9,7,538.3,26.92,565.22
5917,30-01-2019,16:24:00,Normal,Female,Food,Ewallet,97.03,5,485.15,24.26,509.41
8043,14-02-2019,15:04:00,Normal,Male,Sports,Cash,44.65,3,133.95,6.7,140.65
8019,27-02-2019,16:10:00,Normal,Female,Fashion,Ewallet,77.93,9,701.37,35.07,736.44
7118,04-02-2019,12:14:00,Member,Male,Electronics,Cash,71.95,1,71.95,3.6,75.55
3778,20-01-2019,10:13:00,Member,Female,Home,Cash,89.25,8,714,35.7,749.7
1784,28-03-2019,17:38:00,Normal,Male,Electronics,Cash,26.02,7,182.14,9.11,191.25
1220,27-02-2019,11:06:00,Normal,Female,Beauty,Credit card,13.5,10,135,6.75,141.75
874,15-02-2019,14:53:00,Member,Female,Fashion,Credit card,99.3,10,993,49.65,"1,042.65"
8124,26-01-2019,18:22:00,Normal,Male,Electronics,Cash,51.69,7,361.83,18.09,379.92
4379,14-03-2019,19:02:00,Member,Female,Fashion,Credit card,54.73,7,383.11,19.16,402.27
6697,02-03-2019,14:16:00,Member,Male,Home,Cash,27,9,243,12.15,255.15
6392,04-03-2019,15:44:00,Normal,Female,Electronics,Cash,30.24,1,30.24,1.51,31.75
9723,07-01-2019,12:20:00,Member,Female,Food,Credit card,89.14,4,356.56,17.83,374.39
281,08-03-2019,20:01:00,Normal,Female,Fashion,Credit card,37.55,10,375.5,18.78,394.28
2417,09-01-2019,13:45:00,Normal,Female,Sports,Cash,95.44,10,954.4,47.72,"1,002.12"
6187,01-03-2019,15:40:00,Normal,Male,Electronics,Ewallet,27.5,3,82.5,4.13,86.63
7669,16-03-2019,16:58:00,Normal,Male,Sports,Cash,74.97,1,74.97,3.75,78.72
5536,17-02-2019,11:12:00,Member,Male,Food,Credit card,80.96,8,647.68,32.38,680.06
4132,27-02-2019,15:12:00,Normal,Female,Food,Cash,94.47,8,755.76,37.79,793.55
2823,07-03-2019,20:37:00,Normal,Male,Food,Ewallet,99.79,2,199.58,9.98,209.56
9126,21-01-2019,17:44:00,Normal,Male,Home,Cash,73.22,6,439.32,21.97,461.29
9238,19-02-2019,16:23:00,Normal,Female,Food,Cash,41.24,4,164.96,8.25,173.21
9262,06-01-2019,12:12:00,Normal,Female,Fashion,Cash,81.68,4,326.72,16.34,343.06
9553,14-03-2019,19:33:00,Normal,Female,Electronics,Cash,51.32,9,461.88,23.09,484.97
9,24-03-2019,10:29:00,Member,Male,Home,Cash,65.94,4,263.76,13.19,276.95
9758,27-01-2019,14:28:00,Normal,Female,Sports,Cash,14.36,10,143.6,7.18,150.78
42,06-03-2019,12:46:00,Member,Male,Electronics,Credit card,21.5,9,193.5,9.68,203.18
2184,02-02-2019,19:40:00,Member,Female,Electronics,Cash,26.26,7,183.82,9.19,193.01
8671,25-01-2019,19:39:00,Normal,Female,Fashion,Credit card,60.96,2,121.92,6.1,128.02
9830,14-03-2019,17:54:00,Normal,Female,Home,Ewallet,70.11,6,420.66,21.03,441.69
8917,29-01-2019,12:25:00,Normal,Male,Fashion,Cash,42.08,6,252.48,12.62,265.1
8786,03-01-2019,16:47:00,Normal,Female,Home,Credit card,67.09,5,335.45,16.77,352.22
5919,14-01-2019,12:52:00,Member,Female,Fashion,Ewallet,96.7,5,483.5,24.18,507.68
4703,05-01-2019,19:50:00,Member,Female,Home,Credit card,35.38,9,318.42,15.92,334.34
1662,22-02-2019,18:17:00,Normal,Male,Sports,Ewallet,95.49,7,668.43,33.42,701.85
2894,06-02-2019,17:20:00,Member,Male,Fashion,Ewallet,96.98,4,387.92,19.4,407.32
8360,30-01-2019,13:32:00,Normal,Female,Electronics,Credit card,23.65,4,94.6,4.73,99.33
7034,11-01-2019,10:37:00,Member,Male,Sports,Credit card,82.33,4,329.32,16.47,345.79
5240,19-03-2019,14:35:00,Normal,Female,Electronics,Cash,26.61,2,53.22,2.66,55.88
7573,14-01-2019,12:09:00,Normal,Female,Food,Cash,99.69,5,498.45,24.92,523.37
4872,01-03-2019,15:32:00,Member,Female,Food,Ewallet,74.89,4,299.56,14.98,314.54
2873,06-01-2019,13:58:00,Normal,Female,Food,Ewallet,40.94,5,204.7,10.24,214.94
7307,31-01-2019,13:19:00,Member,Male,Sports,Cash,75.82,1,75.82,3.79,79.61
9784,11-03-2019,13:37:00,Normal,Male,Food,Cash,46.77,6,280.62,14.03,294.65
833,20-02-2019,16:49:00,Normal,Female,Beauty,Credit card,32.32,10,323.2,16.16,339.36
748,27-01-2019,14:55:00,Member,Female,Fashion,Ewallet,54.07,9,486.63,24.33,510.96
3999,10-03-2019,14:04:00,Normal,Male,Food,Credit card,18.22,7,127.54,6.38,133.92
9860,15-02-2019,12:31:00,Member,Female,Fashion,Cash,80.48,3,241.44,12.07,253.51
9529,26-01-2019,14:51:00,Normal,Female,Fashion,Cash,37.95,10,379.5,18.98,398.48
9814,13-02-2019,18:27:00,Member,Male,Electronics,Ewallet,76.82,1,76.82,3.84,80.66
4913,09-03-2019,12:45:00,Member,Female,Sports,Credit card,52.26,10,522.6,26.13,548.73
6250,06-03-2019,10:36:00,Normal,Female,Beauty,Ewallet,79.74,1,79.74,3.99,83.73
2396,24-01-2019,20:36:00,Normal,Female,Beauty,Ewallet,77.5,5,387.5,19.38,406.88
3952,13-03-2019,14:16:00,Normal,Female,Food,Ewallet,54.27,5,271.35,13.57,284.92
1821,15-03-2019,10:26:00,Normal,Male,Home,Cash,13.59,9,122.31,6.12,128.43
3222,05-03-2019,13:30:00,Member,Female,Beauty,Credit card,41.06,6,246.36,12.32,258.68
3257,04-03-2019,16:28:00,Member,Male,Electronics,Cash,19.24,9,173.16,8.66,181.82
6330,25-03-2019,20:18:00,Normal,Female,Food,Credit card,39.43,6,236.58,11.83,248.41
874,12-03-2019,20:04:00,Normal,Male,Home,Credit card,46.22,4,184.88,9.24,194.12
3015,04-02-2019,13:38:00,Member,Male,Home,Ewallet,13.98,1,13.98,0.7,14.68
259,22-02-2019,10:43:00,Normal,Female,Fashion,Ewallet,39.75,5,198.75,9.94,208.69
7455,16-02-2019,17:30:00,Member,Female,Fashion,Ewallet,97.79,7,684.53,34.23,718.76
4577,19-01-2019,15:28:00,Member,Male,Sports,Credit card,67.26,4,269.04,13.45,282.49
5346,11-01-2019,19:07:00,Normal,Male,Food,Credit card,13.79,5,68.95,3.45,72.4
9708,04-01-2019,19:01:00,Member,Female,Fashion,Cash,68.71,4,274.84,13.74,288.58
8343,04-03-2019,19:48:00,Normal,Female,Home,Ewallet,56.53,4,226.12,11.31,237.43
1506,28-01-2019,19:24:00,Normal,Female,Fashion,Ewallet,23.82,5,119.1,5.96,125.06
162,02-01-2019,13:00:00,Normal,Female,Beauty,Cash,34.21,10,342.1,17.11,359.21
4390,25-01-2019,14:29:00,Normal,Male,Sports,Ewallet,21.87,2,43.74,2.19,45.93
6451,04-01-2019,13:21:00,Member,Male,Beauty,Cash,20.97,5,104.85,5.24,110.09
2548,10-03-2019,18:55:00,Normal,Male,Sports,Ewallet,25.84,3,77.52,3.88,81.4
9636,22-03-2019,19:36:00,Normal,Male,Home,Ewallet,50.93,8,407.44,20.37,427.81
6164,25-01-2019,16:28:00,Normal,Male,Beauty,Ewallet,96.11,1,96.11,4.81,100.92
9686,08-01-2019,13:48:00,Normal,Female,Home,Credit card,45.38,4,181.52,9.08,190.6
3669,22-01-2019,10:57:00,Member,Female,Beauty,Ewallet,81.51,1,81.51,4.08,85.59
1692,12-01-2019,17:13:00,Normal,Female,Beauty,Ewallet,57.22,2,114.44,5.72,120.16
3520,04-02-2019,10:23:00,Member,Female,Electronics,Cash,25.22,7,176.54,8.83,185.37
6436,28-03-2019,13:57:00,Member,Female,Food,Ewallet,38.6,3,115.8,5.79,121.59
2500,23-01-2019,13:29:00,Normal,Female,Electronics,Cash,84.05,3,252.15,12.61,264.76
8734,08-02-2019,13:00:00,Member,Female,Fashion,Credit card,97.21,10,972.1,48.61,"1,020.71"
8610,19-03-2019,19:42:00,Member,Male,Fashion,Credit card,25.42,8,203.36,10.17,213.53
4354,09-03-2019,15:36:00,Normal,Male,Fashion,Cash,16.28,1,16.28,0.81,17.09
7132,02-01-2019,13:40:00,Member,Male,Fashion,Cash,40.61,9,365.49,18.27,383.76
8440,21-01-2019,18:01:00,Member,Male,Beauty,Cash,53.17,7,372.19,18.61,390.8
6268,20-03-2019,13:53:00,Member,Female,Food,Credit card,20.87,3,62.61,3.13,65.74
3559,27-02-2019,17:27:00,Normal,Male,Sports,Cash,67.27,5,336.35,16.82,353.17
6186,08-03-2019,10:53:00,Member,Female,Home,Ewallet,90.65,10,906.5,45.33,951.83
7818,31-01-2019,19:48:00,Normal,Male,Fashion,Credit card,69.08,2,138.16,6.91,145.07
9721,08-03-2019,16:53:00,Normal,Male,Food,Ewallet,43.27,2,86.54,4.33,90.87
7686,13-01-2019,19:14:00,Normal,Female,Electronics,Ewallet,23.46,6,140.76,7.04,147.8
16,09-03-2019,14:36:00,Normal,Male,Fashion,Credit card,95.54,7,668.78,33.44,702.22
7229,22-02-2019,18:19:00,Normal,Female,Fashion,Credit card,47.44,1,47.44,2.37,49.81
68,19-03-2019,19:09:00,Normal,Male,Sports,Ewallet,99.24,9,893.16,44.66,937.82
1380,20-01-2019,16:51:00,Member,Male,Sports,Ewallet,82.93,4,331.72,16.59,348.31
4992,08-03-2019,15:37:00,Normal,Male,Home,Credit card,33.99,6,203.94,10.2,214.14
4200,08-03-2019,20:15:00,Member,Male,Food,Ewallet,17.04,4,68.16,3.41,71.57
6344,07-02-2019,14:38:00,Normal,Female,Electronics,Credit card,40.86,8,326.88,16.34,343.22
2866,15-01-2019,19:25:00,Member,Male,Food,Cash,17.44,5,87.2,4.36,91.56
3170,22-03-2019,19:35:00,Member,Female,Sports,Credit card,88.43,8,707.44,35.37,742.81
5109,15-01-2019,15:42:00,Member,Female,Home,Credit card,89.21,9,802.89,40.14,843.03
7397,08-01-2019,14:11:00,Normal,Male,Fashion,Ewallet,12.78,1,12.78,0.64,13.42
9629,15-01-2019,10:43:00,Normal,Female,Sports,Cash,19.1,7,133.7,6.69,140.39
5128,28-01-2019,17:58:00,Member,Female,Beauty,Credit card,19.15,1,19.15,0.96,20.11
8343,14-02-2019,11:26:00,Member,Male,Food,Credit card,27.66,10,276.6,13.83,290.43
7053,10-03-2019,17:38:00,Normal,Male,Fashion,Credit card,45.74,3,137.22,6.86,144.08
7041,12-01-2019,20:07:00,Member,Female,Beauty,Credit card,27.07,1,27.07,1.35,28.42
2918,26-03-2019,11:02:00,Member,Female,Sports,Credit card,39.12,1,39.12,1.96,41.08
7034,01-01-2019,19:07:00,Normal,Female,Electronics,Cash,74.71,6,448.26,22.41,470.67
5786,02-01-2019,18:50:00,Normal,Male,Electronics,Cash,22.01,6,132.06,6.6,138.66
390,16-03-2019,12:43:00,Normal,Female,Food,Ewallet,63.61,5,318.05,15.9,333.95
3448,03-03-2019,15:09:00,Normal,Male,Beauty,Ewallet,25,1,25,1.25,26.25
5490,31-01-2019,13:47:00,Member,Male,Electronics,Cash,20.77,4,83.08,4.15,87.23
1907,13-02-2019,16:59:00,Member,Female,Fashion,Cash,29.56,5,147.8,7.39,155.19
4433,15-02-2019,14:15:00,Member,Female,Food,Credit card,77.4,9,696.6,34.83,731.43
5337,07-02-2019,20:24:00,Normal,Male,Electronics,Cash,79.39,10,793.9,39.7,833.6
8763,27-01-2019,13:58:00,Member,Female,Electronics,Cash,46.57,10,465.7,23.29,488.99
7422,23-02-2019,16:52:00,Normal,Male,Food,Credit card,35.89,1,35.89,1.79,37.68
1242,03-02-2019,15:19:00,Normal,Male,Food,Cash,40.52,5,202.6,10.13,212.73
4040,03-03-2019,12:25:00,Member,Female,Food,Credit card,73.05,10,730.5,36.53,767.03
2155,03-02-2019,10:02:00,Normal,Female,Sports,Cash,73.95,4,295.8,14.79,310.59
8842,17-03-2019,18:58:00,Member,Female,Food,Cash,22.62,1,22.62,1.13,23.75
9057,28-03-2019,15:31:00,Member,Male,Food,Credit card,51.34,5,256.7,12.84,269.54
2331,02-03-2019,11:22:00,Member,Female,Sports,Credit card,54.55,10,545.5,27.28,572.78
5691,08-02-2019,13:12:00,Member,Female,Beauty,Credit card,37.15,7,260.05,13,273.05
3790,22-03-2019,18:33:00,Normal,Male,Sports,Cash,37.02,6,222.12,11.11,233.23
921,09-02-2019,10:02:00,Normal,Male,Food,Ewallet,21.58,1,21.58,1.08,22.66
817,15-02-2019,11:21:00,Member,Female,Electronics,Cash,98.84,1,98.84,4.94,103.78
1286,23-01-2019,12:10:00,Member,Female,Home,Ewallet,83.77,6,502.62,25.13,527.75
9136,25-01-2019,11:40:00,Member,Female,Sports,Cash,40.05,4,160.2,8.01,168.21
3305,02-02-2019,18:31:00,Member,Male,Fashion,Credit card,43.13,10,431.3,21.57,452.87
7531,30-03-2019,17:58:00,Member,Male,Beauty,Cash,72.57,8,580.56,29.03,609.59
6028,30-03-2019,17:04:00,Member,Female,Electronics,Cash,64.44,5,322.2,16.11,338.31
1910,25-02-2019,20:35:00,Normal,Male,Beauty,Credit card,65.18,3,195.54,9.78,205.32
8700,18-03-2019,16:10:00,Normal,Female,Sports,Credit card,33.26,5,166.3,8.32,174.62
9715,07-03-2019,16:54:00,Normal,Male,Electronics,Ewallet,84.07,4,336.28,16.81,353.09
8742,16-03-2019,10:11:00,Normal,Male,Sports,Ewallet,34.37,10,343.7,17.19,360.89
1508,29-01-2019,11:26:00,Normal,Male,Electronics,Ewallet,38.6,1,38.6,1.93,40.53
3113,02-02-2019,20:29:00,Normal,Male,Food,Cash,65.97,8,527.76,26.39,554.15
3901,15-02-2019,12:12:00,Normal,Female,Electronics,Cash,32.8,10,328,16.4,344.4
9296,08-01-2019,13:05:00,Normal,Male,Sports,Ewallet,37.14,5,185.7,9.29,194.99
3552,12-02-2019,16:19:00,Member,Male,Home,Cash,60.38,10,603.8,30.19,633.99
6248,01-01-2019,19:48:00,Member,Female,Sports,Credit card,36.98,10,369.8,18.49,388.29
4015,21-03-2019,15:25:00,Member,Female,Sports,Ewallet,49.49,4,197.96,9.9,207.86
4068,28-02-2019,14:42:00,Normal,Female,Fashion,Cash,41.09,10,410.9,20.55,431.45
7276,23-03-2019,18:59:00,Normal,Male,Fashion,Ewallet,37.15,4,148.6,7.43,156.03
8512,30-01-2019,20:47:00,Normal,Male,Home,Cash,22.96,1,22.96,1.15,24.11
3243,04-02-2019,13:21:00,Member,Female,Home,Ewallet,77.68,9,699.12,34.96,734.08
932,13-03-2019,19:48:00,Normal,Female,Fashion,Ewallet,34.7,2,69.4,3.47,72.87
5628,15-03-2019,18:20:00,Member,Female,Fashion,Credit card,19.66,10,196.6,9.83,206.43
3797,05-03-2019,20:24:00,Member,Female,Beauty,Ewallet,25.32,8,202.56,10.13,212.69
2527,05-03-2019,13:44:00,Member,Female,Home,Credit card,12.12,10,121.2,6.06,127.26
3084,26-02-2019,11:48:00,Normal,Male,Fashion,Ewallet,99.89,2,199.78,9.99,209.77
4574,20-03-2019,14:14:00,Normal,Male,Sports,Cash,75.92,8,607.36,30.37,637.73
7101,01-01-2019,15:51:00,Normal,Female,Electronics,Cash,63.22,2,126.44,6.32,132.76
8517,27-01-2019,11:17:00,Normal,Female,Food,Cash,90.24,6,541.44,27.07,568.51
8016,21-01-2019,17:36:00,Member,Female,Sports,Cash,98.13,1,98.13,4.91,103.04
8989,02-02-2019,15:47:00,Member,Female,Sports,Cash,51.52,8,412.16,20.61,432.77
2961,03-02-2019,15:53:00,Member,Male,Sports,Credit card,73.97,1,73.97,3.7,77.67
8548,05-01-2019,12:40:00,Member,Female,Fashion,Ewallet,31.9,1,31.9,1.6,33.5
2046,27-01-2019,19:48:00,Normal,Male,Home,Ewallet,69.4,2,138.8,6.94,145.74
2475,25-03-2019,17:53:00,Normal,Female,Sports,Cash,93.31,2,186.62,9.33,195.95
3087,25-02-2019,16:36:00,Normal,Male,Sports,Credit card,88.45,1,88.45,4.42,92.87
6793,28-01-2019,20:54:00,Member,Male,Electronics,Ewallet,24.18,8,193.44,9.67,203.11
4215,08-01-2019,12:50:00,Member,Female,Sports,Cash,48.5,3,145.5,7.28,152.78
9201,29-01-2019,10:48:00,Normal,Female,Food,Credit card,84.05,6,504.3,25.22,529.52
5991,29-03-2019,14:28:00,Member,Male,Beauty,Cash,61.29,5,306.45,15.32,321.77
9671,09-02-2019,17:15:00,Member,Female,Home,Credit card,15.95,6,95.7,4.79,100.49
6115,16-01-2019,18:03:00,Member,Female,Sports,Credit card,90.74,7,635.18,31.76,666.94
206,05-01-2019,17:29:00,Normal,Female,Home,Ewallet,42.91,5,214.55,10.73,225.28
4851,27-01-2019,18:05:00,Normal,Female,Fashion,Ewallet,54.28,7,379.96,19,398.96
236,14-03-2019,12:07:00,Normal,Male,Electronics,Cash,99.55,7,696.85,34.84,731.69
930,23-02-2019,19:49:00,Member,Male,Sports,Credit card,58.39,7,408.73,20.44,429.17
6708,18-03-2019,15:52:00,Member,Female,Fashion,Ewallet,51.47,1,51.47,2.57,54.04
2085,29-03-2019,16:48:00,Member,Male,Beauty,Ewallet,54.86,5,274.3,13.72,288.02
7827,22-01-2019,20:46:00,Member,Male,Home,Credit card,39.39,5,196.95,9.85,206.8
1851,01-03-2019,18:14:00,Normal,Male,Home,Ewallet,34.73,2,69.46,3.47,72.93
9738,17-01-2019,15:05:00,Member,Male,Sports,Credit card,71.92,5,359.6,17.98,377.58
1155,26-03-2019,10:34:00,Normal,Female,Electronics,Credit card,45.71,3,137.13,6.86,143.99
5717,20-03-2019,11:23:00,Member,Female,Home,Cash,83.17,6,499.02,24.95,523.97
8548,06-02-2019,13:55:00,Member,Female,Home,Credit card,37.44,6,224.64,11.23,235.87
7229,01-01-2019,11:43:00,Normal,Male,Beauty,Cash,62.87,2,125.74,6.29,132.03
4457,27-01-2019,14:36:00,Normal,Male,Food,Credit card,81.71,6,490.26,24.51,514.77
8991,25-02-2019,16:03:00,Member,Female,Sports,Ewallet,91.41,5,457.05,22.85,479.9
6248,16-01-2019,20:03:00,Normal,Male,Fashion,Credit card,39.21,4,156.84,7.84,164.68
9982,13-01-2019,14:55:00,Member,Male,Fashion,Ewallet,59.86,2,119.72,5.99,125.71
5872,07-02-2019,11:28:00,Member,Female,Food,Credit card,54.36,10,543.6,27.18,570.78
7633,17-02-2019,19:41:00,Normal,Male,Sports,Cash,98.09,9,882.81,44.14,926.95
1405,12-02-2019,19:01:00,Normal,Male,Beauty,Ewallet,25.43,6,152.58,7.63,160.21
4908,24-01-2019,18:04:00,Member,Male,Fashion,Credit card,86.68,8,693.44,34.67,728.11
9057,06-02-2019,19:20:00,Normal,Male,Electronics,Ewallet,22.95,10,229.5,11.48,240.98
1144,26-03-2019,10:31:00,Normal,Female,Food,Ewallet,16.31,9,146.79,7.34,154.13
6689,11-03-2019,13:28:00,Normal,Female,Home,Ewallet,28.32,5,141.6,7.08,148.68
4548,07-02-2019,11:36:00,Normal,Male,Home,Ewallet,16.67,7,116.69,5.83,122.52
4827,05-01-2019,11:32:00,Member,Female,Fashion,Credit card,73.96,1,73.96,3.7,77.66
7867,07-03-2019,11:44:00,Normal,Male,Home,Ewallet,97.94,1,97.94,4.9,102.84
538,25-02-2019,17:16:00,Normal,Female,Fashion,Credit card,73.05,4,292.2,14.61,306.81
9262,01-02-2019,18:43:00,Member,Female,Food,Ewallet,87.48,6,524.88,26.24,551.12
4390,22-01-2019,11:00:00,Normal,Male,Home,Ewallet,30.68,3,92.04,4.6,96.64
864,03-01-2019,10:30:00,Member,Male,Beauty,Credit card,75.88,1,75.88,3.79,79.67
1108,13-02-2019,12:14:00,Member,Female,Sports,Credit card,20.18,4,80.72,4.04,84.76
2663,28-01-2019,16:43:00,Member,Male,Electronics,Credit card,18.77,6,112.62,5.63,118.25
8232,05-01-2019,20:40:00,Normal,Female,Food,Credit card,71.2,1,71.2,3.56,74.76
5550,19-03-2019,13:40:00,Member,Male,Home,Ewallet,38.81,4,155.24,7.76,163
1224,12-01-2019,16:23:00,Normal,Female,Fashion,Ewallet,29.42,10,294.2,14.71,308.91
8554,07-01-2019,12:08:00,Normal,Male,Sports,Credit card,60.95,9,548.55,27.43,575.98
7227,26-01-2019,17:45:00,Normal,Female,Sports,Cash,51.54,5,257.7,12.89,270.59
1216,23-01-2019,10:28:00,Normal,Female,Electronics,Cash,66.06,6,396.36,19.82,416.18
7183,09-02-2019,20:31:00,Normal,Male,Fashion,Ewallet,57.27,3,171.81,8.59,180.4
8065,22-02-2019,10:49:00,Normal,Female,Fashion,Cash,54.31,9,488.79,24.44,513.23
1719,05-02-2019,12:34:00,Normal,Female,Beauty,Cash,58.24,9,524.16,26.21,550.37
4630,07-03-2019,10:23:00,Normal,Male,Electronics,Credit card,22.21,6,133.26,6.66,139.92
2619,25-03-2019,18:51:00,Member,Male,Electronics,Cash,19.32,7,135.24,6.76,142
8813,20-01-2019,13:45:00,Normal,Male,Home,Credit card,37.48,3,112.44,5.62,118.06
9832,04-02-2019,19:38:00,Member,Female,Fashion,Cash,72.04,2,144.08,7.2,151.28
5248,30-01-2019,20:23:00,Member,Female,Food,Ewallet,98.52,10,985.2,49.26,"1,034.46"
363,02-01-2019,15:24:00,Member,Male,Food,Ewallet,41.66,6,249.96,12.5,262.46
9410,29-03-2019,16:54:00,Member,Female,Home,Ewallet,72.42,3,217.26,10.86,228.12
888,14-03-2019,12:32:00,Normal,Male,Electronics,Cash,21.58,9,194.22,9.71,203.93
7614,11-02-2019,15:42:00,Normal,Male,Food,Credit card,89.2,10,892,44.6,936.6
4720,30-01-2019,13:58:00,Normal,Female,Electronics,Ewallet,42.42,8,339.36,16.97,356.33
2357,20-03-2019,15:08:00,Member,Male,Electronics,Ewallet,74.51,6,447.06,22.35,469.41
2845,20-03-2019,13:02:00,Normal,Male,Fashion,Cash,99.25,2,198.5,9.93,208.43
5964,17-01-2019,13:01:00,Normal,Female,Food,Credit card,81.21,10,812.1,40.61,852.71
9773,03-02-2019,16:40:00,Normal,Female,Sports,Credit card,49.33,10,493.3,24.67,517.97
7328,01-01-2019,13:55:00,Normal,Female,Fashion,Cash,65.74,9,591.66,29.58,621.24
2261,10-01-2019,10:33:00,Normal,Female,Fashion,Credit card,79.86,7,559.02,27.95,586.97
9866,02-03-2019,16:42:00,Normal,Female,Sports,Ewallet,73.98,7,517.86,25.89,543.75
1826,25-02-2019,17:16:00,Member,Female,Home,Credit card,82.04,5,410.2,20.51,430.71
3544,29-01-2019,11:48:00,Member,Male,Sports,Cash,26.67,10,266.7,13.34,280.04
4278,10-03-2019,19:35:00,Member,Male,Food,Ewallet,10.13,7,70.91,3.55,74.46
6244,13-01-2019,19:55:00,Normal,Male,Food,Credit card,72.39,2,144.78,7.24,152.02
8664,22-03-2019,14:33:00,Normal,Male,Sports,Credit card,85.91,5,429.55,21.48,451.03
8318,01-03-2019,19:49:00,Member,Male,Fashion,Ewallet,81.31,7,569.17,28.46,597.63
11,20-02-2019,18:43:00,Normal,Male,Food,Cash,60.3,4,241.2,12.06,253.26
6155,14-01-2019,14:43:00,Normal,Male,Food,Ewallet,31.77,4,127.08,6.35,133.43
493,26-03-2019,13:54:00,Normal,Female,Beauty,Cash,64.27,4,257.08,12.85,269.93
1363,01-03-2019,12:15:00,Normal,Male,Beauty,Ewallet,69.51,2,139.02,6.95,145.97
6381,07-01-2019,12:37:00,Normal,Male,Food,Cash,27.22,3,81.66,4.08,85.74
585,01-02-2019,19:54:00,Member,Female,Beauty,Cash,77.68,4,310.72,15.54,326.26
7061,13-02-2019,15:06:00,Member,Female,Fashion,Credit card,92.98,2,185.96,9.3,195.26
3665,14-01-2019,18:03:00,Member,Female,Fashion,Credit card,18.08,4,72.32,3.62,75.94
3056,19-01-2019,15:58:00,Normal,Male,Sports,Ewallet,63.06,3,189.18,9.46,198.64
6963,09-03-2019,13:53:00,Normal,Male,Beauty,Credit card,51.71,4,206.84,10.34,217.18
2735,27-03-2019,14:03:00,Normal,Female,Food,Cash,52.34,3,157.02,7.85,164.87
6250,04-02-2019,16:38:00,Normal,Female,Sports,Ewallet,43.06,5,215.3,10.77,226.07
6588,14-03-2019,11:07:00,Normal,Male,Fashion,Cash,59.61,10,596.1,29.81,625.91
3718,04-03-2019,12:23:00,Normal,Male,Beauty,Cash,14.62,5,73.1,3.66,76.76
2162,03-03-2019,10:54:00,Member,Male,Beauty,Credit card,46.53,6,279.18,13.96,293.14
8452,27-01-2019,17:38:00,Member,Female,Home,Ewallet,24.24,7,169.68,8.48,178.16
6611,07-02-2019,14:13:00,Member,Female,Sports,Cash,45.58,1,45.58,2.28,47.86
356,05-02-2019,11:51:00,Member,Female,Sports,Ewallet,75.2,3,225.6,11.28,236.88
6748,15-03-2019,13:05:00,Member,Male,Sports,Cash,96.8,3,290.4,14.52,304.92
3286,01-03-2019,11:30:00,Normal,Male,Beauty,Credit card,14.82,3,44.46,2.22,46.68
2907,15-02-2019,13:30:00,Normal,Male,Food,Credit card,52.2,3,156.6,7.83,164.43
4896,17-02-2019,19:11:00,Normal,Female,Sports,Ewallet,46.66,9,419.94,21,440.94
7810,26-01-2019,18:53:00,Normal,Female,Fashion,Cash,36.85,5,184.25,9.21,193.46
2006,24-03-2019,14:22:00,Member,Female,Home,Ewallet,70.32,2,140.64,7.03,147.67
4139,23-01-2019,17:16:00,Normal,Male,Electronics,Ewallet,83.08,1,83.08,4.15,87.23
7302,26-01-2019,10:06:00,Normal,Female,Fashion,Credit card,64.99,1,64.99,3.25,68.24
4567,14-03-2019,20:35:00,Normal,Male,Food,Ewallet,77.56,10,775.6,38.78,814.38
6693,17-03-2019,13:54:00,Normal,Female,Sports,Ewallet,54.51,6,327.06,16.35,343.41
8230,08-01-2019,20:08:00,Member,Female,Fashion,Cash,51.89,7,363.23,18.16,381.39
2383,08-02-2019,15:26:00,Normal,Male,Home,Cash,31.75,4,127,6.35,133.35
9873,10-02-2019,12:56:00,Member,Female,Fashion,Ewallet,53.65,7,375.55,18.78,394.33
5024,28-03-2019,19:16:00,Member,Female,Food,Credit card,49.79,4,199.16,9.96,209.12
304,23-01-2019,12:20:00,Normal,Male,Fashion,Ewallet,30.61,1,30.61,1.53,32.14
8902,17-01-2019,10:37:00,Member,Male,Food,Ewallet,57.89,2,115.78,5.79,121.57
9805,07-02-2019,10:18:00,Normal,Female,Electronics,Credit card,28.96,1,28.96,1.45,30.41
5865,09-03-2019,11:23:00,Member,Female,Food,Cash,98.97,9,890.73,44.54,935.27
8625,24-01-2019,11:45:00,Member,Male,Fashion,Cash,93.22,3,279.66,13.98,293.64
4231,19-01-2019,16:08:00,Member,Male,Sports,Credit card,80.93,1,80.93,4.05,84.98
61,03-02-2019,11:25:00,Member,Male,Food,Ewallet,67.45,10,674.5,33.73,708.23
3912,20-03-2019,12:24:00,Member,Female,Sports,Ewallet,38.72,9,348.48,17.42,365.9
9673,13-01-2019,19:51:00,Member,Male,Sports,Cash,72.6,6,435.6,21.78,457.38
2096,14-03-2019,18:10:00,Member,Male,Electronics,Ewallet,87.91,5,439.55,21.98,461.53
6863,23-01-2019,11:22:00,Member,Male,Food,Credit card,98.53,6,591.18,29.56,620.74
3695,07-02-2019,17:55:00,Member,Female,Fashion,Ewallet,43.46,6,260.76,13.04,273.8
3340,28-03-2019,15:30:00,Normal,Female,Food,Credit card,71.68,3,215.04,10.75,225.79
4512,20-03-2019,19:44:00,Member,Female,Food,Cash,91.61,1,91.61,4.58,96.19
6321,17-01-2019,15:27:00,Member,Female,Home,Credit card,94.59,7,662.13,33.11,695.24
7105,12-01-2019,11:25:00,Normal,Female,Fashion,Credit card,83.25,10,832.5,41.63,874.13
7312,16-02-2019,15:42:00,Member,Male,Fashion,Cash,91.35,1,91.35,4.57,95.92
8269,26-01-2019,16:04:00,Member,Female,Food,Cash,78.88,2,157.76,7.89,165.65
2053,09-03-2019,12:37:00,Normal,Male,Sports,Ewallet,60.87,2,121.74,6.09,127.83
8624,14-03-2019,14:41:00,Member,Male,Beauty,Cash,82.58,10,825.8,41.29,867.09
2701,25-01-2019,14:19:00,Member,Male,Home,Ewallet,53.3,3,159.9,8,167.9
1707,26-01-2019,18:19:00,Normal,Female,Fashion,Credit card,12.09,1,12.09,0.6,12.69
1929,19-01-2019,14:08:00,Normal,Male,Sports,Credit card,64.19,10,641.9,32.1,674
2265,05-03-2019,16:38:00,Normal,Male,Electronics,Ewallet,78.31,3,234.93,11.75,246.68
8023,15-01-2019,10:54:00,Member,Male,Food,Credit card,83.77,2,167.54,8.38,175.92
7590,18-03-2019,11:29:00,Normal,Male,Home,Ewallet,99.7,3,299.1,14.96,314.06
2763,20-03-2019,19:28:00,Member,Male,Food,Credit card,79.91,3,239.73,11.99,251.72
967,15-01-2019,15:01:00,Member,Male,Beauty,Credit card,66.47,10,664.7,33.24,697.94
4100,03-03-2019,20:31:00,Normal,Male,Beauty,Credit card,28.95,7,202.65,10.13,212.78
2368,19-03-2019,12:16:00,Normal,Female,Electronics,Cash,46.2,1,46.2,2.31,48.51
8584,08-03-2019,15:27:00,Member,Female,Food,Cash,17.63,5,88.15,4.41,92.56
9737,27-02-2019,17:36:00,Normal,Male,Fashion,Ewallet,52.42,3,157.26,7.86,165.12
5146,23-02-2019,20:00:00,Member,Female,Food,Ewallet,98.79,3,296.37,14.82,311.19
3814,19-03-2019,15:29:00,Member,Female,Electronics,Ewallet,88.55,8,708.4,35.42,743.82
2436,27-03-2019,15:08:00,Member,Male,Electronics,Ewallet,55.67,2,111.34,5.57,116.91
8856,30-03-2019,19:26:00,Member,Female,Food,Credit card,72.52,8,580.16,29.01,609.17
2164,16-02-2019,15:53:00,Member,Male,Electronics,Ewallet,12.05,5,60.25,3.01,63.26
6154,18-01-2019,18:43:00,Member,Male,Home,Ewallet,19.36,9,174.24,8.71,182.95
7974,30-03-2019,14:58:00,Normal,Male,Beauty,Cash,70.21,6,421.26,21.06,442.32
8277,20-03-2019,19:55:00,Member,Male,Fashion,Cash,33.63,1,33.63,1.68,35.31
933,16-01-2019,15:10:00,Member,Female,Sports,Cash,15.49,2,30.98,1.55,32.53
5257,24-02-2019,16:44:00,Normal,Male,Electronics,Cash,24.74,10,247.4,12.37,259.77
2676,15-01-2019,18:22:00,Normal,Male,Electronics,Ewallet,75.66,5,378.3,18.92,397.22
4072,22-01-2019,11:52:00,Normal,Female,Beauty,Cash,55.81,6,334.86,16.74,351.6
5161,03-02-2019,17:24:00,Member,Male,Home,Cash,72.78,10,727.8,36.39,764.19
7606,06-03-2019,15:31:00,Member,Male,Sports,Ewallet,37.32,9,335.88,16.79,352.67
3154,16-02-2019,18:04:00,Member,Male,Fashion,Credit card,60.18,4,240.72,12.04,252.76
4504,14-03-2019,14:13:00,Normal,Female,Electronics,Credit card,15.69,3,47.07,2.35,49.42
7186,27-02-2019,10:23:00,Normal,Female,Electronics,Credit card,99.69,1,99.69,4.98,104.67
5430,18-01-2019,10:11:00,Member,Female,Fashion,Ewallet,88.15,3,264.45,13.22,277.67
8853,29-01-2019,15:48:00,Member,Female,Sports,Cash,27.93,5,139.65,6.98,146.63
3499,26-02-2019,17:46:00,Member,Male,Fashion,Credit card,55.45,1,55.45,2.77,58.22
2271,03-02-2019,11:46:00,Normal,Female,Sports,Cash,42.97,3,128.91,6.45,135.36
4695,16-01-2019,12:07:00,Member,Male,Sports,Credit card,17.14,7,119.98,6,125.98
2480,24-03-2019,18:14:00,Member,Female,Fashion,Credit card,58.75,6,352.5,17.63,370.13
2661,12-02-2019,14:45:00,Member,Female,Food,Credit card,87.1,10,871,43.55,914.55
3114,21-02-2019,11:39:00,Normal,Female,Sports,Cash,98.8,2,197.6,9.88,207.48
2983,04-02-2019,15:44:00,Normal,Female,Fashion,Ewallet,48.63,4,194.52,9.73,204.25
2410,20-02-2019,13:06:00,Member,Male,Food,Ewallet,57.74,3,173.22,8.66,181.88
3147,23-02-2019,20:43:00,Normal,Female,Beauty,Ewallet,17.97,4,71.88,3.59,75.47
6712,16-02-2019,14:19:00,Member,Female,Beauty,Ewallet,47.71,6,286.26,14.31,300.57
6530,17-01-2019,10:01:00,Normal,Female,Sports,Credit card,40.62,2,81.24,4.06,85.3
8641,14-01-2019,19:30:00,Member,Male,Fashion,Ewallet,56.04,10,560.4,28.02,588.42
4706,30-03-2019,16:34:00,Member,Male,Food,Cash,93.4,2,186.8,9.34,196.14
4774,02-03-2019,13:10:00,Normal,Female,Beauty,Ewallet,73.41,3,220.23,11.01,231.24
6224,15-02-2019,17:10:00,Normal,Male,Beauty,Credit card,33.64,8,269.12,13.46,282.58
8790,01-03-2019,10:22:00,Normal,Female,Electronics,Credit card,45.48,10,454.8,22.74,477.54
3142,24-02-2019,19:57:00,Member,Male,Fashion,Cash,83.77,2,167.54,8.38,175.92
3760,19-02-2019,19:29:00,Member,Female,Sports,Credit card,64.08,7,448.56,22.43,470.99
5470,23-02-2019,18:30:00,Member,Female,Food,Cash,73.47,4,293.88,14.69,308.57
3045,07-02-2019,14:27:00,Normal,Male,Beauty,Ewallet,58.95,10,589.5,29.48,618.98
4723,11-01-2019,13:57:00,Member,Male,Food,Ewallet,48.5,6,291,14.55,305.55
5606,12-02-2019,19:43:00,Member,Female,Electronics,Cash,39.48,1,39.48,1.97,41.45
2052,14-01-2019,10:11:00,Normal,Female,Sports,Credit card,34.81,1,34.81,1.74,36.55
655,09-01-2019,13:46:00,Normal,Female,Fashion,Ewallet,49.32,6,295.92,14.8,310.72
6182,27-02-2019,12:22:00,Member,Male,Fashion,Ewallet,21.48,2,42.96,2.15,45.11
415,24-01-2019,19:20:00,Member,Female,Sports,Ewallet,23.08,6,138.48,6.92,145.4
5076,08-01-2019,12:58:00,Member,Female,Home,Credit card,49.1,2,98.2,4.91,103.11
4650,08-01-2019,11:59:00,Member,Female,Sports,Credit card,64.83,2,129.66,6.48,136.14
1321,16-01-2019,17:59:00,Member,Male,Home,Cash,63.56,10,635.6,31.78,667.38
2300,13-03-2019,12:51:00,Member,Male,Sports,Cash,72.88,2,145.76,7.29,153.05
2383,15-02-2019,10:36:00,Normal,Female,Food,Cash,67.1,3,201.3,10.07,211.37
6384,25-01-2019,13:38:00,Member,Female,Sports,Cash,70.19,9,631.71,31.59,663.3
6657,12-03-2019,19:39:00,Member,Male,Food,Ewallet,55.04,7,385.28,19.26,404.54
1884,04-03-2019,12:44:00,Member,Male,Beauty,Cash,48.63,10,486.3,24.32,510.62
2849,10-02-2019,13:56:00,Member,Female,Fashion,Cash,73.38,7,513.66,25.68,539.34
5264,16-01-2019,14:42:00,Normal,Female,Food,Cash,52.6,9,473.4,23.67,497.07
8606,29-01-2019,19:45:00,Member,Female,Home,Cash,87.37,5,436.85,21.84,458.69
7000,01-01-2019,20:26:00,Member,Female,Sports,Ewallet,27.04,4,108.16,5.41,113.57
8051,06-01-2019,19:46:00,Normal,Male,Home,Ewallet,62.19,4,248.76,12.44,261.2
466,19-02-2019,19:38:00,Member,Male,Electronics,Credit card,69.58,9,626.22,31.31,657.53
9720,12-01-2019,16:18:00,Normal,Male,Home,Ewallet,97.5,10,975,48.75,"1,023.75"
7888,07-02-2019,12:23:00,Normal,Female,Fashion,Ewallet,60.41,8,483.28,24.16,507.44
7711,27-03-2019,19:11:00,Normal,Male,Food,Credit card,32.32,3,96.96,4.85,101.81
321,27-02-2019,18:57:00,Member,Female,Fashion,Credit card,19.77,10,197.7,9.89,207.59
2010,06-01-2019,11:18:00,Member,Male,Beauty,Cash,80.47,9,724.23,36.21,760.44
5028,02-03-2019,12:40:00,Member,Female,Home,Cash,88.39,9,795.51,39.78,835.29
9562,29-03-2019,14:06:00,Normal,Male,Beauty,Cash,71.77,7,502.39,25.12,527.51
5519,31-01-2019,20:48:00,Normal,Female,Electronics,Ewallet,43,4,172,8.6,180.6
8559,21-01-2019,20:13:00,Member,Male,Food,Cash,68.98,1,68.98,3.45,72.43
5490,20-01-2019,20:37:00,Normal,Male,Fashion,Ewallet,15.62,8,124.96,6.25,131.21
9252,17-01-2019,17:59:00,Normal,Male,Sports,Ewallet,25.7,3,77.1,3.86,80.96
2700,28-02-2019,20:18:00,Member,Male,Food,Cash,80.62,6,483.72,24.19,507.91
7867,19-03-2019,15:52:00,Member,Female,Home,Ewallet,75.53,4,302.12,15.11,317.23
3799,19-02-2019,15:14:00,Normal,Female,Electronics,Ewallet,77.63,9,698.67,34.93,733.6
3585,04-02-2019,12:50:00,Normal,Female,Beauty,Ewallet,13.85,9,124.65,6.23,130.88
9839,31-01-2019,10:36:00,Member,Male,Fashion,Ewallet,98.7,8,789.6,39.48,829.08
7466,06-02-2019,18:33:00,Normal,Female,Beauty,Credit card,35.68,5,178.4,8.92,187.32
3520,28-03-2019,16:06:00,Member,Female,Fashion,Ewallet,71.46,7,500.22,25.01,525.23
1179,19-01-2019,12:47:00,Member,Male,Electronics,Credit card,11.94,3,35.82,1.79,37.61
5741,17-02-2019,13:34:00,Normal,Male,Fashion,Credit card,45.38,3,136.14,6.81,142.95
9046,18-01-2019,15:04:00,Member,Female,Fashion,Credit card,17.48,6,104.88,5.24,110.12
656,02-02-2019,20:42:00,Normal,Female,Fashion,Cash,25.56,7,178.92,8.95,187.87
726,18-01-2019,15:28:00,Member,Female,Sports,Cash,90.63,9,815.67,40.78,856.45
1096,18-03-2019,13:45:00,Normal,Male,Home,Credit card,44.12,3,132.36,6.62,138.98
1692,11-01-2019,20:10:00,Member,Female,Food,Cash,36.77,7,257.39,12.87,270.26
9162,04-02-2019,18:53:00,Member,Male,Food,Ewallet,23.34,4,93.36,4.67,98.03
304,06-02-2019,14:24:00,Member,Female,Beauty,Cash,28.5,8,228,11.4,239.4
6497,08-01-2019,11:42:00,Member,Male,Home,Credit card,55.57,3,166.71,8.34,175.05
215,05-03-2019,17:49:00,Normal,Male,Sports,Credit card,69.74,10,697.4,34.87,732.27
9613,16-03-2019,15:33:00,Normal,Male,Fashion,Ewallet,97.26,4,389.04,19.45,408.49
180,09-03-2019,10:54:00,Member,Female,Home,Cash,52.18,7,365.26,18.26,383.52
2470,01-03-2019,16:23:00,Member,Female,Fashion,Credit card,22.32,4,89.28,4.46,93.74
5728,28-02-2019,19:33:00,Normal,Male,Beauty,Ewallet,56,3,168,8.4,176.4
168,08-02-2019,11:39:00,Member,Male,Fashion,Ewallet,19.7,1,19.7,0.99,20.69
1242,24-01-2019,10:38:00,Normal,Male,Electronics,Ewallet,75.88,7,531.16,26.56,557.72
6950,01-03-2019,20:03:00,Member,Male,Food,Ewallet,53.72,1,53.72,2.69,56.41
2441,10-03-2019,12:39:00,Member,Male,Beauty,Credit card,81.95,10,819.5,40.98,860.48
7606,23-03-2019,15:59:00,Member,Female,Home,Credit card,81.2,7,568.4,28.42,596.82
5492,29-01-2019,14:26:00,Normal,Male,Electronics,Ewallet,58.76,10,587.6,29.38,616.98
7132,12-01-2019,18:22:00,Member,Male,Electronics,Ewallet,91.56,8,732.48,36.62,769.1
265,20-03-2019,11:32:00,Normal,Male,Home,Cash,93.96,9,845.64,42.28,887.92
1227,23-03-2019,12:41:00,Normal,Male,Home,Cash,55.61,7,389.27,19.46,408.73
2711,14-01-2019,15:20:00,Normal,Male,Food,Ewallet,84.83,1,84.83,4.24,89.07
504,12-02-2019,14:33:00,Member,Female,Sports,Ewallet,71.63,2,143.26,7.16,150.42
2899,20-02-2019,15:29:00,Member,Male,Home,Ewallet,37.69,2,75.38,3.77,79.15
9016,02-01-2019,16:19:00,Member,Female,Sports,Credit card,31.67,8,253.36,12.67,266.03
5806,02-02-2019,16:33:00,Member,Female,Food,Cash,38.42,1,38.42,1.92,40.34
1708,08-01-2019,19:07:00,Member,Male,Fashion,Credit card,65.23,10,652.3,32.62,684.92
2882,30-01-2019,14:43:00,Member,Female,Home,Credit card,10.53,5,52.65,2.63,55.28
6868,26-03-2019,19:28:00,Member,Female,Home,Credit card,12.29,9,110.61,5.53,116.14
4520,15-01-2019,20:44:00,Member,Male,Beauty,Cash,81.23,7,568.61,28.43,597.04
7976,14-03-2019,11:16:00,Member,Female,Fashion,Ewallet,22.32,4,89.28,4.46,93.74
8361,03-02-2019,10:31:00,Normal,Female,Food,Credit card,27.28,5,136.4,6.82,143.22
7833,22-02-2019,12:30:00,Member,Female,Electronics,Ewallet,17.42,10,174.2,8.71,182.91
1988,24-01-2019,15:05:00,Normal,Male,Home,Ewallet,73.28,5,366.4,18.32,384.72
3758,25-01-2019,18:30:00,Member,Female,Fashion,Ewallet,84.87,3,254.61,12.73,267.34
6591,09-03-2019,13:18:00,Normal,Female,Fashion,Credit card,97.29,8,778.32,38.92,817.24
615,17-02-2019,15:28:00,Member,Female,Electronics,Ewallet,35.74,8,285.92,14.3,300.22
7107,11-01-2019,11:52:00,Normal,Female,Home,Cash,96.52,6,579.12,28.96,608.08
5703,27-02-2019,18:24:00,Member,Male,Food,Ewallet,18.85,10,188.5,9.43,197.93
3964,25-03-2019,15:19:00,Normal,Female,Food,Ewallet,55.39,4,221.56,11.08,232.64
8179,11-02-2019,10:38:00,Member,Female,Food,Credit card,77.2,10,772,38.6,810.6
8450,31-01-2019,15:12:00,Normal,Male,Electronics,Credit card,72.13,10,721.3,36.07,757.37
1709,20-01-2019,17:48:00,Member,Female,Fashion,Ewallet,63.88,8,511.04,25.55,536.59
4862,26-03-2019,11:07:00,Member,Female,Beauty,Ewallet,10.69,5,53.45,2.67,56.12
2010,20-01-2019,15:48:00,Member,Male,Beauty,Credit card,55.5,4,222,11.1,233.1
4239,05-03-2019,19:40:00,Normal,Female,Home,Ewallet,95.46,8,763.68,38.18,801.86
346,05-01-2019,20:30:00,Normal,Female,Fashion,Credit card,76.06,3,228.18,11.41,239.59
2555,13-02-2019,13:59:00,Normal,Male,Sports,Cash,13.69,6,82.14,4.11,86.25
1234,16-03-2019,18:51:00,Normal,Female,Electronics,Cash,95.64,4,382.56,19.13,401.69
6089,15-01-2019,17:24:00,Normal,Female,Home,Cash,11.43,6,68.58,3.43,72.01
7409,26-02-2019,11:58:00,Member,Female,Sports,Ewallet,95.54,4,382.16,19.11,401.27
4285,27-02-2019,19:01:00,Member,Female,Beauty,Credit card,85.87,7,601.09,30.05,631.14
8275,17-02-2019,16:50:00,Member,Female,Sports,Ewallet,67.99,7,475.93,23.8,499.73
8611,06-02-2019,10:22:00,Normal,Female,Food,Credit card,52.42,1,52.42,2.62,55.04
5952,17-01-2019,16:46:00,Member,Male,Food,Cash,65.65,2,131.3,6.57,137.87
2248,22-01-2019,18:08:00,Normal,Female,Food,Credit card,28.86,5,144.3,7.22,151.52
2261,05-03-2019,18:02:00,Member,Male,Beauty,Credit card,65.31,7,457.17,22.86,480.03
8302,03-01-2019,13:07:00,Normal,Male,Sports,Cash,93.38,1,93.38,4.67,98.05
2002,20-03-2019,17:52:00,Member,Male,Sports,Cash,25.25,5,126.25,6.31,132.56
464,31-01-2019,20:32:00,Member,Male,Electronics,Ewallet,87.87,9,790.83,39.54,830.37
4133,19-02-2019,19:24:00,Normal,Male,Beauty,Cash,21.8,8,174.4,8.72,183.12
3526,11-02-2019,16:06:00,Normal,Female,Sports,Ewallet,94.76,4,379.04,18.95,397.99
2070,05-02-2019,14:14:00,Member,Female,Fashion,Credit card,30.62,1,30.62,1.53,32.15
7231,03-03-2019,17:36:00,Normal,Female,Home,Cash,44.01,8,352.08,17.6,369.68
6464,24-02-2019,13:08:00,Member,Female,Beauty,Ewallet,10.16,5,50.8,2.54,53.34
5964,04-02-2019,16:09:00,Normal,Male,Electronics,Credit card,74.58,7,522.06,26.1,548.16
9084,19-02-2019,11:33:00,Normal,Male,Electronics,Ewallet,71.89,8,575.12,28.76,603.88
4466,23-01-2019,10:18:00,Normal,Female,Beauty,Credit card,10.99,5,54.95,2.75,57.7
4056,14-01-2019,10:55:00,Member,Male,Beauty,Credit card,60.47,3,181.41,9.07,190.48
6538,17-01-2019,15:15:00,Normal,Male,Sports,Ewallet,58.91,7,412.37,20.62,432.99
5970,03-03-2019,20:06:00,Normal,Male,Fashion,Credit card,46.41,1,46.41,2.32,48.73
4065,15-02-2019,20:21:00,Member,Male,Beauty,Credit card,68.55,4,274.2,13.71,287.91
7898,15-01-2019,13:48:00,Normal,Female,Home,Credit card,97.37,10,973.7,48.69,"1,022.39"
5321,27-02-2019,12:52:00,Member,Male,Electronics,Credit card,92.6,7,648.2,32.41,680.61
487,26-02-2019,12:28:00,Normal,Female,Electronics,Credit card,46.61,2,93.22,4.66,97.88
1050,15-03-2019,16:26:00,Normal,Male,Fashion,Ewallet,27.18,2,54.36,2.72,57.08
9639,24-01-2019,13:24:00,Member,Female,Home,Cash,60.87,1,60.87,3.04,63.91
7918,22-02-2019,15:15:00,Member,Female,Sports,Cash,24.49,10,244.9,12.25,257.15
5395,15-03-2019,10:50:00,Normal,Male,Beauty,Credit card,92.78,1,92.78,4.64,97.42
4232,11-02-2019,18:38:00,Member,Male,Home,Ewallet,86.69,5,433.45,21.67,455.12
6198,12-01-2019,16:45:00,Normal,Male,Sports,Ewallet,23.01,6,138.06,6.9,144.96
6833,03-03-2019,19:30:00,Member,Female,Electronics,Ewallet,30.2,8,241.6,12.08,253.68
8305,23-03-2019,13:23:00,Member,Male,Fashion,Ewallet,67.39,7,471.73,23.59,495.32
9521,04-03-2019,11:27:00,Member,Female,Fashion,Cash,48.96,9,440.64,22.03,462.67
6575,23-02-2019,11:12:00,Member,Female,Electronics,Cash,75.59,9,680.31,34.02,714.33
6701,17-03-2019,16:36:00,Normal,Female,Home,Cash,77.47,4,309.88,15.49,325.37
8551,16-01-2019,18:41:00,Normal,Female,Sports,Credit card,93.18,2,186.36,9.32,195.68
7754,08-01-2019,17:12:00,Normal,Female,Electronics,Cash,50.23,4,200.92,10.05,210.97
5987,14-01-2019,10:38:00,Normal,Female,Beauty,Cash,17.75,1,17.75,0.89,18.64
2313,31-01-2019,10:33:00,Normal,Female,Fashion,Ewallet,62.18,10,621.8,31.09,652.89
4567,15-03-2019,14:38:00,Normal,Male,Beauty,Ewallet,10.75,8,86,4.3,90.3
5336,24-02-2019,18:06:00,Normal,Female,Electronics,Credit card,40.26,10,402.6,20.13,422.73
6282,08-02-2019,12:52:00,Member,Female,Sports,Credit card,64.97,5,324.85,16.24,341.09
6360,22-03-2019,14:00:00,Normal,Male,Electronics,Cash,95.15,1,95.15,4.76,99.91
2523,24-01-2019,10:57:00,Member,Female,Electronics,Cash,48.62,8,388.96,19.45,408.41
7781,14-03-2019,16:45:00,Normal,Female,Food,Ewallet,53.21,8,425.68,21.28,446.96
2456,23-01-2019,11:15:00,Normal,Female,Fashion,Cash,45.44,7,318.08,15.9,333.98
6761,19-01-2019,20:29:00,Normal,Male,Food,Ewallet,33.88,8,271.04,13.55,284.59
3082,27-01-2019,20:03:00,Member,Male,Beauty,Credit card,96.16,4,384.64,19.23,403.87
3964,03-02-2019,14:35:00,Member,Male,Food,Credit card,47.16,5,235.8,11.79,247.59
6862,25-03-2019,16:32:00,Normal,Male,Electronics,Ewallet,52.89,4,211.56,10.58,222.14
8965,24-02-2019,10:10:00,Member,Female,Home,Credit card,47.68,2,95.36,4.77,100.13
9238,07-02-2019,14:15:00,Member,Male,Sports,Cash,10.17,1,10.17,0.51,10.68
6884,04-03-2019,10:05:00,Normal,Female,Beauty,Cash,68.71,3,206.13,10.31,216.44
4363,14-02-2019,11:36:00,Member,Female,Sports,Credit card,60.08,7,420.56,21.03,441.59
2760,29-01-2019,18:15:00,Member,Female,Sports,Credit card,22.01,4,88.04,4.4,92.44
244,28-01-2019,13:53:00,Member,Female,Beauty,Credit card,72.11,9,648.99,32.45,681.44
9233,26-03-2019,18:37:00,Member,Male,Fashion,Credit card,41.28,3,123.84,6.19,130.03
304,24-03-2019,18:27:00,Normal,Male,Electronics,Cash,64.95,10,649.5,32.48,681.98
9926,01-01-2019,14:42:00,Member,Female,Electronics,Credit card,74.22,10,742.2,37.11,779.31
6163,24-01-2019,17:43:00,Normal,Male,Electronics,Cash,10.56,8,84.48,4.22,88.7
325,25-02-2019,18:37:00,Normal,Male,Beauty,Cash,62.57,4,250.28,12.51,262.79
9322,09-01-2019,16:34:00,Member,Female,Sports,Cash,11.85,8,94.8,4.74,99.54
9470,14-02-2019,14:42:00,Member,Male,Beauty,Ewallet,91.3,1,91.3,4.57,95.87
9297,12-03-2019,11:01:00,Member,Female,Home,Ewallet,40.73,7,285.11,14.26,299.37
3742,26-03-2019,19:44:00,Normal,Male,Fashion,Cash,52.38,1,52.38,2.62,55
1085,09-01-2019,13:34:00,Member,Male,Fashion,Ewallet,38.54,5,192.7,9.64,202.34
7306,02-01-2019,20:08:00,Normal,Male,Sports,Credit card,44.63,6,267.78,13.39,281.17
7083,15-01-2019,15:01:00,Normal,Male,Electronics,Cash,55.87,10,558.7,27.94,586.64
8740,01-01-2019,11:40:00,Member,Female,Sports,Ewallet,29.22,6,175.32,8.77,184.09
989,15-02-2019,15:21:00,Normal,Male,Fashion,Cash,51.94,3,155.82,7.79,163.61
1384,28-02-2019,17:38:00,Normal,Male,Electronics,Cash,60.3,1,60.3,3.02,63.32
6466,02-03-2019,16:16:00,Member,Female,Sports,Credit card,39.47,2,78.94,3.95,82.89
9016,13-02-2019,18:15:00,Member,Female,Food,Credit card,14.87,2,29.74,1.49,31.23
956,26-01-2019,12:43:00,Normal,Male,Fashion,Cash,21.32,1,21.32,1.07,22.39
3935,30-01-2019,11:32:00,Member,Male,Electronics,Credit card,93.78,3,281.34,14.07,295.41
249,27-01-2019,18:08:00,Member,Male,Electronics,Ewallet,73.26,1,73.26,3.66,76.92
5914,30-01-2019,17:08:00,Normal,Female,Sports,Credit card,22.38,1,22.38,1.12,23.5
6841,08-01-2019,19:38:00,Member,Female,Food,Cash,72.88,9,655.92,32.8,688.72
2293,19-01-2019,13:11:00,Normal,Female,Fashion,Cash,99.1,6,594.6,29.73,624.33
4724,25-01-2019,11:05:00,Normal,Male,Fashion,Cash,74.1,1,74.1,3.71,77.81
9708,19-02-2019,10:12:00,Normal,Female,Fashion,Ewallet,98.48,2,196.96,9.85,206.81
3967,14-01-2019,15:42:00,Normal,Male,Beauty,Ewallet,53.19,7,372.33,18.62,390.95
2814,25-02-2019,11:58:00,Normal,Female,Electronics,Ewallet,52.79,10,527.9,26.4,554.3
2687,23-01-2019,14:21:00,Member,Female,Beauty,Ewallet,95.95,5,479.75,23.99,503.74
6665,16-02-2019,10:52:00,Normal,Female,Fashion,Cash,36.51,9,328.59,16.43,345.02
8960,01-01-2019,19:31:00,Normal,Male,Food,Cash,21.12,8,168.96,8.45,177.41
2862,07-03-2019,18:35:00,Member,Female,Home,Cash,28.31,4,113.24,5.66,118.9
2483,15-02-2019,13:51:00,Normal,Male,Beauty,Cash,57.59,6,345.54,17.28,362.82
3011,23-01-2019,12:35:00,Member,Female,Food,Cash,47.63,9,428.67,21.43,450.1
6252,20-02-2019,13:24:00,Member,Female,Home,Ewallet,86.27,1,86.27,4.31,90.58
5966,08-01-2019,18:06:00,Member,Male,Sports,Ewallet,12.76,2,25.52,1.28,26.8
4217,17-03-2019,11:55:00,Normal,Female,Home,Credit card,11.28,9,101.52,5.08,106.6
5566,12-01-2019,11:42:00,Normal,Female,Home,Cash,51.07,7,357.49,17.87,375.36
1458,08-01-2019,14:30:00,Member,Female,Electronics,Cash,79.59,3,238.77,11.94,250.71
1170,26-01-2019,15:11:00,Member,Male,Beauty,Ewallet,33.81,3,101.43,5.07,106.5
574,15-03-2019,14:48:00,Member,Male,Sports,Credit card,90.53,8,724.24,36.21,760.45
4070,17-01-2019,12:36:00,Member,Female,Beauty,Ewallet,62.82,2,125.64,6.28,131.92
1880,08-01-2019,19:09:00,Member,Male,Food,Credit card,24.31,3,72.93,3.65,76.58
2749,06-01-2019,13:35:00,Normal,Male,Sports,Ewallet,64.59,4,258.36,12.92,271.28
6353,16-02-2019,10:33:00,Member,Male,Food,Credit card,24.82,7,173.74,8.69,182.43
4073,13-03-2019,15:45:00,Normal,Male,Fashion,Ewallet,56.5,1,56.5,2.83,59.33
9589,28-01-2019,11:51:00,Member,Female,Electronics,Cash,21.43,10,214.3,10.72,225.02
2553,18-01-2019,17:26:00,Member,Male,Sports,Cash,89.06,6,534.36,26.72,561.08
5876,19-03-2019,11:52:00,Member,Male,Home,Credit card,23.29,4,93.16,4.66,97.82
7367,15-03-2019,14:04:00,Normal,Male,Home,Ewallet,65.26,8,522.08,26.1,548.18
389,12-02-2019,17:49:00,Member,Male,Fashion,Cash,52.35,1,52.35,2.62,54.97
3804,25-02-2019,20:19:00,Member,Male,Electronics,Cash,39.75,1,39.75,1.99,41.74
3783,21-03-2019,16:08:00,Normal,Female,Electronics,Credit card,90.02,8,720.16,36.01,756.17
439,19-01-2019,10:17:00,Member,Female,Electronics,Ewallet,12.1,8,96.8,4.84,101.64
21,08-01-2019,14:25:00,Member,Female,Food,Ewallet,33.21,10,332.1,16.61,348.71
7388,30-03-2019,12:51:00,Member,Female,Fashion,Credit card,10.18,8,81.44,4.07,85.51
6971,20-02-2019,15:18:00,Member,Male,Sports,Credit card,31.99,10,319.9,16,335.9
6563,30-03-2019,12:45:00,Member,Female,Home,Ewallet,34.42,6,206.52,10.33,216.85
3156,19-03-2019,13:37:00,Member,Female,Food,Cash,83.34,2,166.68,8.33,175.01
5834,13-01-2019,10:03:00,Normal,Male,Sports,Cash,45.58,7,319.06,15.95,335.01
4209,05-02-2019,19:42:00,Member,Male,Food,Ewallet,87.9,1,87.9,4.4,92.3
6021,23-03-2019,13:14:00,Member,Female,Electronics,Ewallet,73.47,10,734.7,36.74,771.44
8729,13-03-2019,12:47:00,Normal,Female,Fashion,Ewallet,12.19,8,97.52,4.88,102.4
5796,17-03-2019,19:53:00,Member,Male,Sports,Ewallet,76.92,10,769.2,38.46,807.66
2397,21-02-2019,10:26:00,Normal,Female,Beauty,Cash,83.66,5,418.3,20.92,439.22
5271,07-02-2019,15:06:00,Normal,Female,Electronics,Cash,57.91,8,463.28,23.16,486.44
6216,02-03-2019,16:35:00,Member,Female,Fashion,Credit card,92.49,5,462.45,23.12,485.57
1673,06-03-2019,20:57:00,Normal,Male,Electronics,Cash,28.38,5,141.9,7.1,149
1094,06-02-2019,15:16:00,Member,Male,Electronics,Credit card,50.45,6,302.7,15.14,317.84
1972,28-01-2019,17:47:00,Normal,Male,Beauty,Credit card,99.16,8,793.28,39.66,832.94
8059,18-01-2019,16:23:00,Normal,Male,Fashion,Ewallet,60.74,7,425.18,21.26,446.44
6995,05-02-2019,10:17:00,Member,Female,Food,Cash,47.27,6,283.62,14.18,297.8
677,02-03-2019,13:50:00,Member,Male,Beauty,Cash,85.6,7,599.2,29.96,629.16
5432,09-02-2019,19:17:00,Member,Male,Food,Ewallet,35.04,9,315.36,15.77,331.13
7592,14-01-2019,14:00:00,Member,Female,Electronics,Credit card,44.84,9,403.56,20.18,423.74
516,09-02-2019,12:02:00,Normal,Male,Home,Ewallet,45.97,4,183.88,9.19,193.07
9924,26-03-2019,20:21:00,Member,Female,Beauty,Credit card,27.73,5,138.65,6.93,145.58
9075,28-01-2019,17:35:00,Normal,Male,Food,Cash,11.53,7,80.71,4.04,84.75
8534,14-02-2019,12:42:00,Normal,Female,Beauty,Ewallet,58.32,2,116.64,5.83,122.47
1812,24-03-2019,17:56:00,Member,Female,Home,Cash,78.38,4,313.52,15.68,329.2
3339,09-02-2019,18:58:00,Normal,Male,Beauty,Credit card,84.61,10,846.1,42.31,888.41
3555,24-03-2019,14:08:00,Normal,Female,Beauty,Credit card,82.88,5,414.4,20.72,435.12
5196,27-03-2019,16:30:00,Member,Female,Food,Ewallet,79.54,2,159.08,7.95,167.03
8356,27-01-2019,10:44:00,Normal,Female,Home,Credit card,49.01,10,490.1,24.51,514.61
9943,27-03-2019,20:29:00,Member,Female,Food,Credit card,29.15,3,87.45,4.37,91.82
8496,19-01-2019,11:43:00,Normal,Female,Electronics,Ewallet,56.13,4,224.52,11.23,235.75
6436,07-02-2019,10:09:00,Normal,Female,Home,Cash,93.12,8,744.96,37.25,782.21
8364,31-01-2019,10:00:00,Member,Male,Fashion,Ewallet,51.34,8,410.72,20.54,431.26
2396,25-02-2019,18:45:00,Member,Female,Food,Cash,99.6,3,298.8,14.94,313.74
4189,02-02-2019,12:40:00,Normal,Female,Electronics,Cash,35.49,6,212.94,10.65,223.59
2115,14-03-2019,15:36:00,Member,Male,Sports,Credit card,42.85,1,42.85,2.14,44.99
8133,11-03-2019,12:04:00,Normal,Female,Fashion,Cash,94.67,4,378.68,18.93,397.61
2495,22-02-2019,11:26:00,Normal,Male,Home,Ewallet,68.97,3,206.91,10.35,217.26
3364,02-03-2019,12:36:00,Member,Female,Electronics,Ewallet,26.26,3,78.78,3.94,82.72
6923,10-03-2019,15:06:00,Member,Female,Home,Credit card,35.79,9,322.11,16.11,338.22
6255,08-02-2019,10:58:00,Normal,Female,Home,Cash,16.37,6,98.22,4.91,103.13
1821,22-02-2019,12:10:00,Member,Female,Home,Credit card,12.73,2,25.46,1.27,26.73
517,10-01-2019,10:31:00,Normal,Female,Sports,Credit card,83.14,7,581.98,29.1,611.08
244,14-03-2019,13:49:00,Member,Female,Sports,Ewallet,35.22,6,211.32,10.57,221.89
34,10-01-2019,11:10:00,Normal,Female,Electronics,Ewallet,13.78,4,55.12,2.76,57.88
7382,15-02-2019,17:38:00,Member,Male,Sports,Credit card,88.31,1,88.31,4.42,92.73
8725,13-01-2019,17:54:00,Member,Female,Beauty,Credit card,39.62,9,356.58,17.83,374.41
2305,15-02-2019,20:51:00,Normal,Female,Electronics,Credit card,88.25,9,794.25,39.71,833.96
5922,02-03-2019,19:26:00,Normal,Male,Sports,Ewallet,25.31,2,50.62,2.53,53.15
7288,24-03-2019,13:33:00,Normal,Male,Home,Ewallet,99.92,6,599.52,29.98,629.5
1854,02-02-2019,14:05:00,Member,Female,Fashion,Credit card,83.35,2,166.7,8.34,175.04
8457,27-02-2019,11:40:00,Normal,Female,Food,Ewallet,74.44,10,744.4,37.22,781.62
8612,20-01-2019,12:27:00,Normal,Male,Beauty,Ewallet,64.08,7,448.56,22.43,470.99
1753,03-01-2019,20:24:00,Normal,Female,Home,Ewallet,63.15,6,378.9,18.95,397.85
8510,24-01-2019,20:59:00,Member,Male,Home,Ewallet,85.72,3,257.16,12.86,270.02
7822,05-01-2019,19:48:00,Normal,Female,Beauty,Ewallet,78.89,7,552.23,27.61,579.84
2571,30-03-2019,10:18:00,Normal,Female,Sports,Cash,89.48,5,447.4,22.37,469.77
8179,17-02-2019,16:27:00,Member,Female,Beauty,Cash,92.09,3,276.27,13.81,290.08
2261,21-03-2019,17:04:00,Normal,Female,Food,Ewallet,57.29,6,343.74,17.19,360.93
2436,02-03-2019,18:14:00,Normal,Male,Food,Ewallet,66.52,4,266.08,13.3,279.38
5291,27-03-2019,10:43:00,Member,Male,Fashion,Cash,99.82,9,898.38,44.92,943.3
9497,19-01-2019,19:30:00,Normal,Female,Home,Ewallet,45.68,10,456.8,22.84,479.64
6770,19-02-2019,14:53:00,Normal,Male,Beauty,Credit card,50.79,5,253.95,12.7,266.65
2632,28-03-2019,20:14:00,Member,Male,Beauty,Cash,10.08,7,70.56,3.53,74.09
1237,05-01-2019,11:51:00,Normal,Female,Electronics,Credit card,93.88,7,657.16,32.86,690.02
6048,26-03-2019,14:13:00,Member,Male,Electronics,Credit card,84.25,2,168.5,8.43,176.93
2200,03-02-2019,20:13:00,Member,Male,Fashion,Ewallet,53.78,1,53.78,2.69,56.47
1424,06-02-2019,18:44:00,Member,Male,Home,Ewallet,35.81,5,179.05,8.95,188
4334,24-02-2019,14:26:00,Normal,Female,Food,Ewallet,26.43,8,211.44,10.57,222.01
4385,21-02-2019,12:40:00,Member,Male,Beauty,Ewallet,39.91,3,119.73,5.99,125.72
2768,09-01-2019,18:43:00,Member,Female,Home,Ewallet,21.9,3,65.7,3.29,68.99
1489,25-02-2019,13:22:00,Member,Female,Food,Ewallet,62.85,4,251.4,12.57,263.97
310,13-01-2019,13:58:00,Member,Female,Food,Cash,21.04,4,84.16,4.21,88.37
6154,09-02-2019,11:45:00,Member,Male,Home,Cash,65.91,6,395.46,19.77,415.23
341,06-01-2019,11:51:00,Normal,Female,Fashion,Cash,42.57,7,297.99,14.9,312.89
7579,10-01-2019,17:16:00,Member,Male,Food,Cash,50.49,9,454.41,22.72,477.13
3888,07-02-2019,15:55:00,Normal,Male,Electronics,Cash,46.02,6,276.12,13.81,289.93
1948,09-01-2019,12:07:00,Normal,Female,Home,Cash,15.8,10,158,7.9,165.9
6655,19-02-2019,15:07:00,Member,Female,Food,Cash,98.66,9,887.94,44.4,932.34
3609,18-03-2019,15:29:00,Member,Male,Fashion,Cash,91.98,1,91.98,4.6,96.58
3863,05-02-2019,18:45:00,Member,Male,Electronics,Cash,20.89,2,41.78,2.09,43.87
5916,19-03-2019,15:23:00,Normal,Female,Fashion,Credit card,15.5,1,15.5,0.78,16.28
2972,30-03-2019,20:37:00,Member,Male,Electronics,Cash,96.82,3,290.46,14.52,304.98
3736,26-01-2019,14:41:00,Normal,Male,Food,Credit card,33.33,2,66.66,3.33,69.99
8274,02-03-2019,18:18:00,Normal,Female,Electronics,Credit card,38.27,2,76.54,3.83,80.37
5016,04-03-2019,15:27:00,Normal,Female,Home,Ewallet,33.3,9,299.7,14.99,314.69
432,13-01-2019,12:55:00,Member,Male,Home,Credit card,81.01,3,243.03,12.15,255.18
2706,25-03-2019,18:02:00,Normal,Female,Beauty,Cash,15.8,3,47.4,2.37,49.77
2776,11-03-2019,19:44:00,Member,Female,Electronics,Credit card,34.49,5,172.45,8.62,181.07
1077,01-01-2019,11:36:00,Member,Female,Food,Credit card,84.63,10,846.3,42.32,888.62
8700,10-02-2019,13:51:00,Member,Male,Home,Ewallet,36.91,7,258.37,12.92,271.29
8808,26-01-2019,15:17:00,Normal,Male,Electronics,Cash,87.08,7,609.56,30.48,640.04
4728,11-02-2019,15:29:00,Normal,Male,Home,Cash,80.08,3,240.24,12.01,252.25
9138,07-02-2019,17:59:00,Normal,Male,Fashion,Cash,86.13,2,172.26,8.61,180.87
1285,06-03-2019,11:55:00,Member,Male,Fashion,Credit card,49.92,2,99.84,4.99,104.83
5073,04-03-2019,10:39:00,Normal,Female,Food,Cash,74.66,4,298.64,14.93,313.57
6847,26-02-2019,15:10:00,Member,Male,Food,Ewallet,26.6,6,159.6,7.98,167.58
370,10-03-2019,18:10:00,Normal,Female,Electronics,Credit card,25.45,1,25.45,1.27,26.72
7434,04-02-2019,20:43:00,Normal,Female,Food,Credit card,67.77,1,67.77,3.39,71.16
9078,19-01-2019,12:46:00,Member,Male,Food,Cash,59.59,4,238.36,11.92,250.28
1866,23-01-2019,17:44:00,Normal,Male,Beauty,Cash,58.15,4,232.6,11.63,244.23
4183,14-03-2019,14:19:00,Member,Female,Sports,Ewallet,97.48,9,877.32,43.87,921.19
7930,23-01-2019,10:33:00,Normal,Male,Beauty,Cash,99.96,7,699.72,34.99,734.71
5216,09-01-2019,11:40:00,Normal,Male,Electronics,Cash,96.37,7,674.59,33.73,708.32
5555,07-02-2019,19:30:00,Normal,Female,Fashion,Ewallet,63.71,5,318.55,15.93,334.48
8999,18-02-2019,14:42:00,Normal,Female,Beauty,Ewallet,14.76,2,29.52,1.48,31
5977,03-01-2019,19:08:00,Member,Male,Beauty,Credit card,62,8,496,24.8,520.8
7380,29-03-2019,19:12:00,Member,Male,Electronics,Ewallet,82.34,10,823.4,41.17,864.57
4718,28-01-2019,15:46:00,Member,Male,Beauty,Credit card,75.37,8,602.96,30.15,633.11
2897,22-03-2019,19:06:00,Normal,Female,Food,Credit card,56.56,5,282.8,14.14,296.94
6955,24-01-2019,18:10:00,Normal,Female,Sports,Ewallet,76.6,10,766,38.3,804.3
715,10-03-2019,20:46:00,Normal,Male,Electronics,Ewallet,58.03,2,116.06,5.8,121.86
6631,22-02-2019,18:35:00,Normal,Male,Fashion,Ewallet,17.49,10,174.9,8.75,183.65
6720,18-02-2019,11:40:00,Member,Female,Electronics,Ewallet,60.95,1,60.95,3.05,64
5758,29-01-2019,13:46:00,Normal,Male,Beauty,Ewallet,40.35,1,40.35,2.02,42.37
2227,02-03-2019,17:16:00,Normal,Female,Home,Ewallet,97.38,10,973.8,48.69,"1,022.49"
1313,09-02-2019,13:22:00,Member,Male,Food,Cash,31.84,1,31.84,1.59,33.43
2442,22-02-2019,15:33:00,Normal,Male,Home,Cash,65.82,1,65.82,3.29,69.11
3807,18-02-2019,13:28:00,Member,Female,Fashion,Cash,88.34,7,618.38,30.92,649.3
